Date,Net_Value,Cost_Nav,Profit_Rate(%),Decision,RSI,MACD,BB,Big_Trend,Reason,Fund_Code
2022-01-05,1.9375,1.833,5.7,【T1止盈】布林中轨已达，建议卖出 30% - 50% 仓位,0.0,金叉,中轨,弱势,【T1止盈】布林中轨已达，建议卖出 30% - 50% 仓位,009645
2022-01-06,1.9395,1.833,5.81,【T1止盈】布林中轨已达，建议卖出 30% - 50% 仓位,0.0,死叉,中轨,弱势,【T1止盈】布林中轨已达，建议卖出 30% - 50% 仓位,009645
2022-01-07,1.8935,1.833,3.3,【T1止盈】布林中轨已达，建议卖出 30% - 50% 仓位,0.0,死叉,中轨,弱势,【T1止盈】布林中轨已达，建议卖出 30% - 50% 仓位,009645
2022-01-10,1.8849,1.833,2.83,【T1止盈】布林中轨已达，建议卖出 30% - 50% 仓位,0.0,死叉,中轨,弱势,【T1止盈】布林中轨已达，建议卖出 30% - 50% 仓位,009645
2022-01-11,1.8562,1.833,1.27,【T1止盈】布林中轨已达，建议卖出 30% - 50% 仓位,0.0,死叉,中轨,弱势,【T1止盈】布林中轨已达，建议卖出 30% - 50% 仓位,009645
2022-01-12,1.9509,1.833,6.43,【T1止盈】布林中轨已达，建议卖出 30% - 50% 仓位,0.0,死叉,中轨,弱势,【T1止盈】布林中轨已达，建议卖出 30% - 50% 仓位,009645
2022-01-13,1.9114,1.833,4.28,【T1止盈】布林中轨已达，建议卖出 30% - 50% 仓位,0.0,死叉,中轨,强势,【T1止盈】布林中轨已达，建议卖出 30% - 50% 仓位,009645
2022-01-14,1.9595,1.833,6.9,【T1止盈】布林中轨已达，建议卖出 30% - 50% 仓位,0.0,死叉,中轨,弱势,【T1止盈】布林中轨已达，建议卖出 30% - 50% 仓位,009645
2022-01-17,1.9875,1.833,8.43,【T1止盈】布林中轨已达，建议卖出 30% - 50% 仓位,0.0,死叉,中轨,弱势,【T1止盈】布林中轨已达，建议卖出 30% - 50% 仓位,009645
2022-01-18,1.9703,1.833,7.49,【T1止盈】布林中轨已达，建议卖出 30% - 50% 仓位,0.0,金叉,中轨,弱势,【T1止盈】布林中轨已达，建议卖出 30% - 50% 仓位,009645
2022-01-19,1.8928,1.833,3.26,【T1止盈】布林中轨已达，建议卖出 30% - 50% 仓位,0.0,金叉,中轨,弱势,【T1止盈】布林中轨已达，建议卖出 30% - 50% 仓位,009645
2022-01-20,1.8816,1.833,2.65,【T1止盈】布林中轨已达，建议卖出 30% - 50% 仓位,0.0,死叉,中轨,弱势,【T1止盈】布林中轨已达，建议卖出 30% - 50% 仓位,009645
2022-01-21,1.8829,1.833,2.72,【T1止盈】布林中轨已达，建议卖出 30% - 50% 仓位,36.52,死叉,中轨,强势,【T1止盈】布林中轨已达，建议卖出 30% - 50% 仓位,009645
2022-01-24,1.9315,1.833,5.37,【T1止盈】布林中轨已达，建议卖出 30% - 50% 仓位,45.74,死叉,中轨,弱势,【T1止盈】布林中轨已达，建议卖出 30% - 50% 仓位,009645
2022-01-25,1.8878,1.833,2.99,【T1止盈】布林中轨已达，建议卖出 30% - 50% 仓位,40.1,死叉,中轨,弱势,【T1止盈】布林中轨已达，建议卖出 30% - 50% 仓位,009645
2022-01-26,1.929,1.833,5.24,【T1止盈】布林中轨已达，建议卖出 30% - 50% 仓位,46.76,金叉,中轨,弱势,【T1止盈】布林中轨已达，建议卖出 30% - 50% 仓位,009645
2022-01-27,1.8849,1.833,2.83,【T1止盈】布林中轨已达，建议卖出 30% - 50% 仓位,41.45,金叉,中轨,强势,【T1止盈】布林中轨已达，建议卖出 30% - 50% 仓位,009645
2022-01-28,1.891,1.833,3.16,【T1止盈】布林中轨已达，建议卖出 30% - 50% 仓位,42.42,死叉,中轨,强势,【T1止盈】布林中轨已达，建议卖出 30% - 50% 仓位,009645
2022-02-07,1.906,1.833,3.98,【T1止盈】布林中轨已达，建议卖出 30% - 50% 仓位,44.85,金叉,中轨,弱势,【T1止盈】布林中轨已达，建议卖出 30% - 50% 仓位,009645
2022-02-08,1.8384,1.833,0.29,【T1止盈】布林中轨已达，建议卖出 30% - 50% 仓位,37.23,金叉,中轨,强势,【T1止盈】布林中轨已达，建议卖出 30% - 50% 仓位,009645
2022-02-09,1.8471,1.833,0.77,【T1止盈】布林中轨已达，建议卖出 30% - 50% 仓位,38.67,死叉,中轨,弱势,【T1止盈】布林中轨已达，建议卖出 30% - 50% 仓位,009645
2022-02-15,1.8617,1.833,1.57,【T1止盈】布林中轨已达，建议卖出 30% - 50% 仓位,46.9,死叉,中轨,强势,【T1止盈】布林中轨已达，建议卖出 30% - 50% 仓位,009645
2022-02-16,1.8568,1.833,1.3,【T1止盈】布林中轨已达，建议卖出 30% - 50% 仓位,46.41,死叉,中轨,强势,【T1止盈】布林中轨已达，建议卖出 30% - 50% 仓位,009645
2022-02-17,1.9105,1.833,4.23,【T1止盈】布林中轨已达，建议卖出 30% - 50% 仓位,52.34,金叉,中轨,弱势,【T1止盈】布林中轨已达，建议卖出 30% - 50% 仓位,009645
2022-02-18,1.8804,1.833,2.59,【T1止盈】布林中轨已达，建议卖出 30% - 50% 仓位,49.06,金叉,中轨,弱势,【T1止盈】布林中轨已达，建议卖出 30% - 50% 仓位,009645
2022-02-21,1.872,1.833,2.13,【T1止盈】布林中轨已达，建议卖出 30% - 50% 仓位,48.15,金叉,中轨,弱势,【T1止盈】布林中轨已达，建议卖出 30% - 50% 仓位,009645
2022-02-22,1.8562,1.833,1.27,【T1止盈】布林中轨已达，建议卖出 30% - 50% 仓位,46.42,金叉,中轨,强势,【T1止盈】布林中轨已达，建议卖出 30% - 50% 仓位,009645
2022-02-23,1.9393,1.833,5.8,【T1止盈】布林中轨已达，建议卖出 30% - 50% 仓位,55.51,金叉,中轨,弱势,【T1止盈】布林中轨已达，建议卖出 30% - 50% 仓位,009645
2022-02-24,1.9088,1.833,4.14,【T1止盈】布林中轨已达，建议卖出 30% - 50% 仓位,52.02,金叉,中轨,强势,【T1止盈】布林中轨已达，建议卖出 30% - 50% 仓位,009645
2022-02-25,1.9464,1.833,6.19,【T1止盈】布林中轨已达，建议卖出 30% - 50% 仓位,55.71,金叉,中轨,弱势,【T1止盈】布林中轨已达，建议卖出 30% - 50% 仓位,009645
2022-02-28,1.9675,1.833,7.34,【T1止盈】布林中轨已达，建议卖出 30% - 50% 仓位,57.68,金叉,中轨,弱势,【T1止盈】布林中轨已达，建议卖出 30% - 50% 仓位,009645
2022-03-01,1.9575,1.833,6.79,【T1止盈】布林中轨已达，建议卖出 30% - 50% 仓位,56.4,金叉,中轨,强势,【T1止盈】布林中轨已达，建议卖出 30% - 50% 仓位,009645
2022-03-02,1.9146,1.833,4.45,【T1止盈】布林中轨已达，建议卖出 30% - 50% 仓位,51.16,金叉,中轨,弱势,【T1止盈】布林中轨已达，建议卖出 30% - 50% 仓位,009645
2022-03-03,1.8665,1.833,1.83,【T1止盈】布林中轨已达，建议卖出 30% - 50% 仓位,45.99,金叉,中轨,强势,【T1止盈】布林中轨已达，建议卖出 30% - 50% 仓位,009645
2022-03-10,1.7957,1.833,-2.03,卖10%,43.33,死叉,中轨,弱势,卖10%,009645
2022-03-17,1.8247,1.833,-0.45,卖10%,49.06,死叉,中轨,弱势,卖10%,009645
2022-03-28,1.6682,1.833,-8.99,卖10%,35.24,死叉,中轨,弱势,卖10%,009645
2022-03-29,1.6671,1.833,-9.05,卖10%,35.15,死叉,中轨,弱势,卖10%,009645
2022-03-30,1.7284,1.833,-5.71,卖10%,43.31,死叉,中轨,弱势,卖10%,009645
2022-03-31,1.6606,1.833,-9.41,卖10%,37.67,死叉,中轨,弱势,卖10%,009645
2022-04-01,1.6673,1.833,-9.04,卖10%,38.52,死叉,中轨,弱势,卖10%,009645
2022-04-06,1.6051,1.833,-12.43,暂停定投,33.89,死叉,中轨,弱势,暂停定投,009645
2022-04-07,1.5828,1.833,-13.65,暂停定投,32.38,死叉,下轨,弱势,暂停定投,009645
2022-04-08,1.5728,1.833,-14.2,暂停定投,31.7,死叉,中轨,弱势,暂停定投,009645
2022-04-15,1.4588,1.833,-20.41,因绝对止损（亏损>20%）卖出100%,25.5,死叉,中轨,强势,因绝对止损（亏损>20%）卖出100%,009645
2022-04-20,1.4523,1.833,-20.77,因绝对止损（亏损>20%）卖出100%,29.86,死叉,中轨,强势,因绝对止损（亏损>20%）卖出100%,009645
2022-04-21,1.4011,1.833,-23.56,因绝对止损（亏损>20%）卖出100%,26.63,死叉,中轨,弱势,因绝对止损（亏损>20%）卖出100%,009645
2022-04-22,1.3808,1.833,-24.67,因绝对止损（亏损>20%）卖出100%,25.45,死叉,中轨,强势,因绝对止损（亏损>20%）卖出100%,009645
2022-04-25,1.2993,1.833,-29.12,因绝对止损（亏损>20%）卖出100%,21.36,死叉,中轨,弱势,因绝对止损（亏损>20%）卖出100%,009645
2022-04-26,1.2847,1.833,-29.91,因绝对止损（亏损>20%）卖出100%,20.72,死叉,中轨,弱势,因绝对止损（亏损>20%）卖出100%,009645
2022-04-27,1.3836,1.833,-24.52,因绝对止损（亏损>20%）卖出100%,34.97,死叉,中轨,弱势,因绝对止损（亏损>20%）卖出100%,009645
2022-04-28,1.4005,1.833,-23.6,因绝对止损（亏损>20%）卖出100%,37.05,死叉,中轨,弱势,因绝对止损（亏损>20%）卖出100%,009645
2022-04-29,1.4561,1.833,-20.56,因绝对止损（亏损>20%）卖出100%,43.47,金叉,中轨,弱势,因绝对止损（亏损>20%）卖出100%,009645
2022-05-05,1.4584,1.833,-20.44,因绝对止损（亏损>20%）卖出100%,43.72,金叉,中轨,弱势,因绝对止损（亏损>20%）卖出100%,009645
2022-05-06,1.4239,1.833,-22.32,因绝对止损（亏损>20%）卖出100%,40.75,金叉,中轨,弱势,因绝对止损（亏损>20%）卖出100%,009645
2022-05-09,1.4261,1.833,-22.2,因绝对止损（亏损>20%）卖出100%,41.02,金叉,中轨,弱势,因绝对止损（亏损>20%）卖出100%,009645
2022-05-17,1.5608,1.833,-14.85,暂停定投,56.24,金叉,中轨,弱势,暂停定投,009645
2022-05-18,1.5704,1.833,-14.33,暂停定投,57.24,金叉,中轨,强势,暂停定投,009645
2022-05-19,1.6308,1.833,-11.03,暂停定投,62.96,金叉,中轨,强势,暂停定投,009645
2022-05-20,1.6318,1.833,-10.98,暂停定投,63.05,金叉,中轨,弱势,暂停定投,009645
2022-05-23,1.6352,1.833,-10.79,暂停定投,63.37,金叉,中轨,弱势,暂停定投,009645
2022-05-24,1.5784,1.833,-13.89,暂停定投,54.84,金叉,中轨,弱势,暂停定投,009645
2022-05-25,1.5925,1.833,-13.12,暂停定投,56.41,金叉,中轨,弱势,暂停定投,009645
2022-05-26,1.6004,1.833,-12.69,暂停定投,57.31,金叉,中轨,强势,暂停定投,009645
2022-05-27,1.5896,1.833,-13.28,暂停定投,55.62,金叉,中轨,强势,暂停定投,009645
2022-05-30,1.5961,1.833,-12.92,暂停定投,56.45,金叉,中轨,弱势,暂停定投,009645
2022-05-31,1.6213,1.833,-11.55,暂停定投,59.6,金叉,中轨,弱势,暂停定投,009645
2022-06-01,1.6064,1.833,-12.36,暂停定投,56.98,金叉,中轨,弱势,暂停定投,009645
2022-06-09,1.6453,1.833,-10.24,暂停定投,56.53,金叉,中轨,弱势,暂停定投,009645
2022-06-14,1.629,1.833,-11.13,暂停定投,52.66,金叉,中轨,强势,暂停定投,009645
2022-06-15,1.6063,1.833,-12.37,暂停定投,49.51,金叉,中轨,弱势,暂停定投,009645
2022-06-16,1.651,1.833,-9.93,卖10%,55.19,死叉,中轨,弱势,卖10%,009645
2022-06-17,1.6965,1.833,-7.45,卖10%,60.11,死叉,中轨,弱势,卖10%,009645
2022-06-27,1.8248,1.833,-0.45,卖10%,70.66,金叉,上轨,弱势,卖10%,009645
2022-06-28,1.8551,1.833,1.21,卖10%,72.9,金叉,上轨,弱势,卖10%,009645
2022-06-30,1.8513,1.833,1.0,【T1止盈】布林中轨已达，建议卖出 30% - 50% 仓位,66.95,金叉,中轨,强势,【T1止盈】布林中轨已达，建议卖出 30% - 50% 仓位,009645
2022-07-04,1.8449,1.833,0.65,【T1止盈】布林中轨已达，建议卖出 30% - 50% 仓位,64.61,金叉,中轨,中性,【T1止盈】布林中轨已达，建议卖出 30% - 50% 仓位,009645
2022-07-05,1.84,1.833,0.38,【T1止盈】布林中轨已达，建议卖出 30% - 50% 仓位,63.87,金叉,中轨,强势,【T1止盈】布林中轨已达，建议卖出 30% - 50% 仓位,009645
2022-07-06,1.8486,1.833,0.85,【T1止盈】布林中轨已达，建议卖出 30% - 50% 仓位,64.64,金叉,中轨,强势,【T1止盈】布林中轨已达，建议卖出 30% - 50% 仓位,009645
2022-07-07,1.9235,1.833,4.94,【T1止盈】布林中轨已达，建议卖出 30% - 50% 仓位,70.55,金叉,中轨,弱势,【T1止盈】布林中轨已达，建议卖出 30% - 50% 仓位,009645
2022-07-08,1.884,1.833,2.78,【T1止盈】布林中轨已达，建议卖出 30% - 50% 仓位,64.43,金叉,中轨,强势,【T1止盈】布林中轨已达，建议卖出 30% - 50% 仓位,009645
2022-07-11,1.8605,1.833,1.5,【T1止盈】布林中轨已达，建议卖出 30% - 50% 仓位,61.05,金叉,中轨,弱势,【T1止盈】布林中轨已达，建议卖出 30% - 50% 仓位,009645
2022-07-12,1.835,1.833,0.11,【T1止盈】布林中轨已达，建议卖出 30% - 50% 仓位,57.51,金叉,中轨,强势,【T1止盈】布林中轨已达，建议卖出 30% - 50% 仓位,009645
2022-07-13,1.8713,1.833,2.09,【T1止盈】布林中轨已达，建议卖出 30% - 50% 仓位,60.97,死叉,中轨,弱势,【T1止盈】布林中轨已达，建议卖出 30% - 50% 仓位,009645
2022-07-14,1.942,1.833,5.95,【T1止盈】布林中轨已达，建议卖出 30% - 50% 仓位,66.67,金叉,中轨,强势,【T1止盈】布林中轨已达，建议卖出 30% - 50% 仓位,009645
2022-07-15,1.9409,1.833,5.89,【T1止盈】布林中轨已达，建议卖出 30% - 50% 仓位,66.51,金叉,中轨,弱势,【T1止盈】布林中轨已达，建议卖出 30% - 50% 仓位,009645
2022-07-18,1.9348,1.833,5.55,【T1止盈】布林中轨已达，建议卖出 30% - 50% 仓位,65.55,金叉,中轨,弱势,【T1止盈】布林中轨已达，建议卖出 30% - 50% 仓位,009645
2022-07-19,1.8782,1.833,2.47,【T1止盈】布林中轨已达，建议卖出 30% - 50% 仓位,57.33,金叉,中轨,弱势,【T1止盈】布林中轨已达，建议卖出 30% - 50% 仓位,009645
2022-07-20,1.9008,1.833,3.7,【T1止盈】布林中轨已达，建议卖出 30% - 50% 仓位,59.51,死叉,中轨,中性,【T1止盈】布林中轨已达，建议卖出 30% - 50% 仓位,009645
2022-07-21,1.881,1.833,2.62,【T1止盈】布林中轨已达，建议卖出 30% - 50% 仓位,56.77,死叉,中轨,弱势,【T1止盈】布林中轨已达，建议卖出 30% - 50% 仓位,009645
2022-07-22,1.8828,1.833,2.72,【T1止盈】布林中轨已达，建议卖出 30% - 50% 仓位,56.96,死叉,中轨,强势,【T1止盈】布林中轨已达，建议卖出 30% - 50% 仓位,009645
2022-07-25,1.8188,1.833,-0.77,卖10%,48.6,死叉,中轨,弱势,卖10%,009645
2022-07-26,1.8523,1.833,1.05,【T1止盈】布林中轨已达，建议卖出 30% - 50% 仓位,52.53,死叉,中轨,弱势,【T1止盈】布林中轨已达，建议卖出 30% - 50% 仓位,009645
2022-07-27,1.9104,1.833,4.22,【T1止盈】布林中轨已达，建议卖出 30% - 50% 仓位,58.46,死叉,中轨,强势,【T1止盈】布林中轨已达，建议卖出 30% - 50% 仓位,009645
2022-07-28,1.9222,1.833,4.87,【T1止盈】布林中轨已达，建议卖出 30% - 50% 仓位,59.56,死叉,中轨,强势,【T1止盈】布林中轨已达，建议卖出 30% - 50% 仓位,009645
2022-07-29,1.9189,1.833,4.69,【T1止盈】布林中轨已达，建议卖出 30% - 50% 仓位,59.09,死叉,中轨,弱势,【T1止盈】布林中轨已达，建议卖出 30% - 50% 仓位,009645
2022-08-01,1.9236,1.833,4.94,【T1止盈】布林中轨已达，建议卖出 30% - 50% 仓位,59.58,死叉,中轨,弱势,【T1止盈】布林中轨已达，建议卖出 30% - 50% 仓位,009645
2022-08-02,1.924,1.833,4.96,【T1止盈】布林中轨已达，建议卖出 30% - 50% 仓位,59.63,死叉,中轨,弱势,【T1止盈】布林中轨已达，建议卖出 30% - 50% 仓位,009645
2022-08-03,1.8633,1.833,1.65,【T1止盈】布林中轨已达，建议卖出 30% - 50% 仓位,50.53,死叉,中轨,弱势,【T1止盈】布林中轨已达，建议卖出 30% - 50% 仓位,009645
2022-08-04,1.8487,1.833,0.86,【T1止盈】布林中轨已达，建议卖出 30% - 50% 仓位,48.6,死叉,中轨,弱势,【T1止盈】布林中轨已达，建议卖出 30% - 50% 仓位,009645
2022-08-05,1.8522,1.833,1.05,【T1止盈】布林中轨已达，建议卖出 30% - 50% 仓位,49.1,死叉,中轨,弱势,【T1止盈】布林中轨已达，建议卖出 30% - 50% 仓位,009645
2022-08-08,1.8895,1.833,3.08,【T1止盈】布林中轨已达，建议卖出 30% - 50% 仓位,54.21,死叉,中轨,弱势,【T1止盈】布林中轨已达，建议卖出 30% - 50% 仓位,009645
2022-08-09,1.9453,1.833,6.13,【T1止盈】布林中轨已达，建议卖出 30% - 50% 仓位,60.59,死叉,中轨,弱势,【T1止盈】布林中轨已达，建议卖出 30% - 50% 仓位,009645
2022-08-10,1.9668,1.833,7.3,【T1止盈】布林中轨已达，建议卖出 30% - 50% 仓位,62.74,死叉,中轨,弱势,【T1止盈】布林中轨已达，建议卖出 30% - 50% 仓位,009645
2022-08-11,1.955,1.833,6.66,【T1止盈】布林中轨已达，建议卖出 30% - 50% 仓位,60.78,金叉,中轨,弱势,【T1止盈】布林中轨已达，建议卖出 30% - 50% 仓位,009645
2022-08-12,1.9132,1.833,4.38,【T1止盈】布林中轨已达，建议卖出 30% - 50% 仓位,54.3,金叉,中轨,弱势,【T1止盈】布林中轨已达，建议卖出 30% - 50% 仓位,009645
2022-08-15,1.9894,1.833,8.53,【T1止盈】布林中轨已达，建议卖出 30% - 50% 仓位,62.21,金叉,中轨,弱势,【T1止盈】布林中轨已达，建议卖出 30% - 50% 仓位,009645
2022-08-17,2.0031,1.833,9.28,【T1止盈】布林中轨已达，建议卖出 30% - 50% 仓位,62.38,金叉,中轨,弱势,【T1止盈】布林中轨已达，建议卖出 30% - 50% 仓位,009645
2022-08-18,2.0591,1.833,12.33,【T1止盈】布林中轨已达，建议卖出 30% - 50% 仓位,67.09,金叉,中轨,弱势,【T1止盈】布林中轨已达，建议卖出 30% - 50% 仓位,009645
2022-08-19,1.9954,1.833,8.86,【T1止盈】布林中轨已达，建议卖出 30% - 50% 仓位,58.17,金叉,中轨,弱势,【T1止盈】布林中轨已达，建议卖出 30% - 50% 仓位,009645
2022-08-22,1.9714,1.833,7.55,【T1止盈】布林中轨已达，建议卖出 30% - 50% 仓位,55.19,金叉,中轨,弱势,【T1止盈】布林中轨已达，建议卖出 30% - 50% 仓位,009645
2022-08-23,2.0284,1.833,10.66,【T1止盈】布林中轨已达，建议卖出 30% - 50% 仓位,60.38,金叉,中轨,弱势,【T1止盈】布林中轨已达，建议卖出 30% - 50% 仓位,009645
2022-08-24,1.9783,1.833,7.93,【T1止盈】布林中轨已达，建议卖出 30% - 50% 仓位,54.42,金叉,中轨,弱势,【T1止盈】布林中轨已达，建议卖出 30% - 50% 仓位,009645
2022-08-25,1.9163,1.833,4.54,【T1止盈】布林中轨已达，建议卖出 30% - 50% 仓位,48.09,金叉,中轨,弱势,【T1止盈】布林中轨已达，建议卖出 30% - 50% 仓位,009645
2022-08-26,1.876,1.833,2.35,【T1止盈】布林中轨已达，建议卖出 30% - 50% 仓位,44.47,死叉,中轨,中性,【T1止盈】布林中轨已达，建议卖出 30% - 50% 仓位,009645
2022-08-29,1.9213,1.833,4.82,【T1止盈】布林中轨已达，建议卖出 30% - 50% 仓位,49.11,死叉,中轨,弱势,【T1止盈】布林中轨已达，建议卖出 30% - 50% 仓位,009645
2022-08-30,1.9037,1.833,3.86,【T1止盈】布林中轨已达，建议卖出 30% - 50% 仓位,47.45,死叉,中轨,强势,【T1止盈】布林中轨已达，建议卖出 30% - 50% 仓位,009645
2022-08-31,1.7735,1.833,-3.25,因移动止盈卖出,37.39,死叉,中轨,强势,因移动止盈卖出,009645
2022-09-01,1.7845,1.833,-2.65,因移动止盈卖出,38.57,死叉,下轨,强势,因移动止盈卖出,009645
2022-09-02,1.7767,1.833,-3.07,因移动止盈卖出,38.02,死叉,中轨,弱势,因移动止盈卖出,009645
2022-09-05,1.8132,1.833,-1.08,因移动止盈卖出,42.18,死叉,中轨,强势,因移动止盈卖出,009645
2022-09-06,1.9226,1.833,4.89,【T1止盈】布林中轨已达，建议卖出 30% - 50% 仓位,52.45,死叉,中轨,弱势,【T1止盈】布林中轨已达，建议卖出 30% - 50% 仓位,009645
2022-09-07,1.9593,1.833,6.89,【T1止盈】布林中轨已达，建议卖出 30% - 50% 仓位,55.32,死叉,中轨,弱势,【T1止盈】布林中轨已达，建议卖出 30% - 50% 仓位,009645
2022-09-08,1.9508,1.833,6.43,【T1止盈】布林中轨已达，建议卖出 30% - 50% 仓位,54.5,死叉,中轨,弱势,【T1止盈】布林中轨已达，建议卖出 30% - 50% 仓位,009645
2022-09-09,1.901,1.833,3.71,【T1止盈】布林中轨已达，建议卖出 30% - 50% 仓位,49.84,金叉,中轨,弱势,【T1止盈】布林中轨已达，建议卖出 30% - 50% 仓位,009645
2022-09-13,1.8719,1.833,2.12,【T1止盈】布林中轨已达，建议卖出 30% - 50% 仓位,47.29,金叉,中轨,强势,【T1止盈】布林中轨已达，建议卖出 30% - 50% 仓位,009645
2022-09-14,1.8514,1.833,1.0,【T1止盈】布林中轨已达，建议卖出 30% - 50% 仓位,45.53,死叉,中轨,弱势,【T1止盈】布林中轨已达，建议卖出 30% - 50% 仓位,009645
2022-09-15,1.6992,1.833,-7.3,因移动止盈卖出,35.07,死叉,中轨,弱势,因移动止盈卖出,009645
2022-09-16,1.6932,1.833,-7.63,因移动止盈卖出,34.73,死叉,中轨,弱势,因移动止盈卖出,009645
2022-09-19,1.6866,1.833,-7.99,因移动止盈卖出,34.34,死叉,中轨,弱势,因移动止盈卖出,009645
2022-09-20,1.7631,1.833,-3.81,因移动止盈卖出,42.46,死叉,中轨,弱势,因移动止盈卖出,009645
2022-09-21,1.7348,1.833,-5.36,因移动止盈卖出,40.47,死叉,中轨,强势,因移动止盈卖出,009645
2022-09-22,1.7731,1.833,-3.27,因移动止盈卖出,44.28,死叉,中轨,中性,因移动止盈卖出,009645
2022-09-23,1.7533,1.833,-4.35,因移动止盈卖出,42.76,死叉,中轨,中性,因移动止盈卖出,009645
2022-09-26,1.8151,1.833,-0.98,因移动止盈卖出,48.7,死叉,中轨,弱势,因移动止盈卖出,009645
2022-09-27,1.8063,1.833,-1.46,因移动止盈卖出,47.94,金叉,中轨,中性,因移动止盈卖出,009645
2022-09-28,1.7515,1.833,-4.45,因移动止盈卖出,43.38,金叉,中轨,强势,因移动止盈卖出,009645
2022-09-29,1.7699,1.833,-3.44,因移动止盈卖出,45.26,金叉,中轨,强势,因移动止盈卖出,009645
2022-09-30,1.7043,1.833,-7.02,因移动止盈卖出,40.14,金叉,中轨,强势,因移动止盈卖出,009645
2022-10-10,1.6711,1.833,-8.83,因移动止盈卖出,37.81,死叉,中轨,强势,因移动止盈卖出,009645
2022-10-11,1.7022,1.833,-7.14,因移动止盈卖出,41.25,死叉,中轨,弱势,因移动止盈卖出,009645
2022-10-12,1.7634,1.833,-3.8,因移动止盈卖出,47.42,死叉,中轨,中性,因移动止盈卖出,009645
2022-10-13,1.7468,1.833,-4.7,因移动止盈卖出,46.01,金叉,中轨,强势,因移动止盈卖出,009645
2022-10-14,1.7964,1.833,-2.0,因移动止盈卖出,50.73,金叉,中轨,弱势,因移动止盈卖出,009645
2022-10-17,1.7542,1.833,-4.3,因移动止盈卖出,46.97,金叉,中轨,弱势,因移动止盈卖出,009645
2022-10-18,1.7863,1.833,-2.55,因移动止盈卖出,50.0,金叉,中轨,强势,因移动止盈卖出,009645
2022-10-19,1.7692,1.833,-3.48,因移动止盈卖出,48.41,金叉,中轨,弱势,因移动止盈卖出,009645
2022-10-20,1.7154,1.833,-6.42,因移动止盈卖出,43.7,金叉,中轨,弱势,因移动止盈卖出,009645
2022-10-21,1.7302,1.833,-5.61,因移动止盈卖出,45.28,金叉,中轨,强势,因移动止盈卖出,009645
2022-10-24,1.7152,1.833,-6.43,因移动止盈卖出,43.94,金叉,中轨,弱势,因移动止盈卖出,009645
2022-10-25,1.7503,1.833,-4.51,因移动止盈卖出,47.84,金叉,中轨,强势,因移动止盈卖出,009645
2022-10-26,1.7835,1.833,-2.7,因移动止盈卖出,51.29,金叉,中轨,弱势,因移动止盈卖出,009645
2022-10-27,1.7377,1.833,-5.2,因移动止盈卖出,46.7,金叉,中轨,强势,因移动止盈卖出,009645
2022-10-28,1.6706,1.833,-8.86,因移动止盈卖出,40.92,金叉,中轨,强势,因移动止盈卖出,009645
2022-10-31,1.6412,1.833,-10.46,暂停定投,38.66,金叉,中轨,弱势,暂停定投,009645
2022-11-01,1.7016,1.833,-7.17,因移动止盈卖出,45.33,死叉,中轨,弱势,因移动止盈卖出,009645
2022-11-02,1.7526,1.833,-4.39,因移动止盈卖出,50.25,金叉,中轨,弱势,因移动止盈卖出,009645
2022-11-03,1.8086,1.833,-1.33,因移动止盈卖出,55.04,金叉,中轨,强势,因移动止盈卖出,009645
2022-11-04,1.8659,1.833,1.79,【T1止盈】布林中轨已达，建议卖出 30% - 50% 仓位,59.35,金叉,中轨,弱势,【T1止盈】布林中轨已达，建议卖出 30% - 50% 仓位,009645
2022-11-07,1.8447,1.833,0.64,【T1止盈】布林中轨已达，建议卖出 30% - 50% 仓位,57.17,金叉,中轨,弱势,【T1止盈】布林中轨已达，建议卖出 30% - 50% 仓位,009645
2022-11-08,1.8256,1.833,-0.4,因移动止盈卖出,55.2,金叉,中轨,弱势,因移动止盈卖出,009645
2022-11-09,1.8054,1.833,-1.51,因移动止盈卖出,53.11,金叉,中轨,弱势,因移动止盈卖出,009645
2022-11-10,1.7609,1.833,-3.93,因移动止盈卖出,48.74,金叉,中轨,弱势,因移动止盈卖出,009645
2022-11-11,1.7521,1.833,-4.41,因移动止盈卖出,47.91,金叉,中轨,强势,因移动止盈卖出,009645
2022-11-14,1.6776,1.833,-8.48,因移动止盈卖出,41.41,金叉,中轨,弱势,因移动止盈卖出,009645
2022-11-15,1.7209,1.833,-6.12,因移动止盈卖出,45.99,死叉,中轨,弱势,因移动止盈卖出,009645
2022-11-16,1.6858,1.833,-8.03,因移动止盈卖出,43.05,死叉,中轨,弱势,因移动止盈卖出,009645
2022-11-17,1.6516,1.833,-9.9,因移动止盈卖出,40.35,死叉,中轨,强势,因移动止盈卖出,009645
2022-11-18,1.6654,1.833,-9.14,因移动止盈卖出,41.93,死叉,中轨,强势,因移动止盈卖出,009645
2022-11-21,1.6864,1.833,-8.0,因移动止盈卖出,44.36,死叉,中轨,弱势,因移动止盈卖出,009645
2022-11-22,1.6368,1.833,-10.7,暂停定投,40.1,死叉,中轨,弱势,暂停定投,009645
2022-11-23,1.717,1.833,-6.33,因移动止盈卖出,48.68,死叉,中轨,弱势,因移动止盈卖出,009645
2022-11-24,1.7343,1.833,-5.38,因移动止盈卖出,50.33,死叉,中轨,弱势,因移动止盈卖出,009645
2022-11-25,1.6721,1.833,-8.78,因移动止盈卖出,44.75,死叉,中轨,强势,因移动止盈卖出,009645
2022-11-28,1.6867,1.833,-7.98,因移动止盈卖出,46.26,死叉,中轨,强势,因移动止盈卖出,009645
2022-11-29,1.6545,1.833,-9.74,因移动止盈卖出,43.44,死叉,中轨,弱势,因移动止盈卖出,009645
2022-11-30,1.6671,1.833,-9.05,因移动止盈卖出,44.86,死叉,中轨,弱势,因移动止盈卖出,009645
2022-12-01,1.6746,1.833,-8.64,因移动止盈卖出,45.73,死叉,中轨,弱势,因移动止盈卖出,009645
2022-12-02,1.7211,1.833,-6.1,因移动止盈卖出,50.9,金叉,中轨,弱势,因移动止盈卖出,009645
2022-12-05,1.6651,1.833,-9.16,因移动止盈卖出,45.3,金叉,中轨,中性,因移动止盈卖出,009645
2022-12-06,1.6565,1.833,-9.63,因移动止盈卖出,44.49,金叉,中轨,强势,因移动止盈卖出,009645
2022-12-07,1.644,1.833,-10.31,暂停定投,43.28,死叉,中轨,弱势,暂停定投,009645
2022-12-08,1.6651,1.833,-9.16,因移动止盈卖出,45.95,死叉,中轨,强势,因移动止盈卖出,009645
2022-12-09,1.653,1.833,-9.82,因移动止盈卖出,44.65,死叉,中轨,强势,因移动止盈卖出,009645
2022-12-12,1.6306,1.833,-11.04,暂停定投,42.27,死叉,中轨,强势,暂停定投,009645
2022-12-13,1.5838,1.833,-13.6,暂停定投,37.74,死叉,中轨,弱势,暂停定投,009645
2022-12-14,1.5677,1.833,-14.47,暂停定投,36.3,死叉,下轨,中性,暂停定投,009645
2022-12-15,1.5884,1.833,-13.34,暂停定投,39.5,死叉,中轨,弱势,暂停定投,009645
2022-12-23,1.4315,1.833,-21.9,因绝对止损（亏损>20%）卖出100%,26.67,死叉,下轨,弱势,因绝对止损（亏损>20%）卖出100%,009645
2022-12-27,1.6014,1.833,-12.64,暂停定投,49.79,金叉,中轨,强势,暂停定投,009645
2022-12-28,1.6052,1.833,-12.43,暂停定投,50.19,金叉,中轨,强势,暂停定投,009645
2022-12-29,1.5901,1.833,-13.25,暂停定投,48.54,金叉,中轨,强势,暂停定投,009645
2022-12-30,1.6008,1.833,-12.67,暂停定投,49.8,金叉,中轨,强势,暂停定投,009645
2022-12-31,1.6007,1.833,-12.67,暂停定投,49.78,金叉,中轨,强势,暂停定投,009645
2023-01-03,1.6418,1.833,-10.43,暂停定投,54.72,金叉,中轨,中性,暂停定投,009645
2023-01-04,1.6026,1.833,-12.57,暂停定投,49.7,金叉,中轨,弱势,暂停定投,009645
2023-01-05,1.6427,1.833,-10.38,暂停定投,54.32,金叉,中轨,弱势,暂停定投,009645
2023-01-06,1.7086,1.833,-6.79,因移动止盈卖出,60.7,金叉,中轨,弱势,因移动止盈卖出,009645
2023-01-09,1.7188,1.833,-6.23,因移动止盈卖出,61.59,金叉,中轨,弱势,因移动止盈卖出,009645
2023-01-10,1.7234,1.833,-5.98,因移动止盈卖出,62.01,金叉,中轨,弱势,因移动止盈卖出,009645
2023-01-11,1.6988,1.833,-7.32,因移动止盈卖出,58.34,金叉,中轨,弱势,因移动止盈卖出,009645
2023-01-12,1.6985,1.833,-7.34,因移动止盈卖出,58.3,金叉,中轨,弱势,因移动止盈卖出,009645
2023-01-13,1.6724,1.833,-8.76,因移动止盈卖出,54.34,金叉,中轨,中性,因移动止盈卖出,009645
2023-01-16,1.6679,1.833,-9.01,因移动止盈卖出,53.66,金叉,中轨,弱势,因移动止盈卖出,009645
2023-01-17,1.6895,1.833,-7.83,因移动止盈卖出,56.46,金叉,中轨,中性,因移动止盈卖出,009645
2023-01-18,1.6862,1.833,-8.01,因移动止盈卖出,55.91,金叉,中轨,强势,因移动止盈卖出,009645
2023-01-19,1.6634,1.833,-9.25,因移动止盈卖出,52.09,金叉,中轨,强势,因移动止盈卖出,009645
2023-01-20,1.695,1.833,-7.53,因移动止盈卖出,56.52,金叉,中轨,强势,因移动止盈卖出,009645
2023-01-30,1.7068,1.833,-6.88,因移动止盈卖出,58.08,金叉,中轨,弱势,因移动止盈卖出,009645
2023-01-31,1.7279,1.833,-5.73,因移动止盈卖出,60.79,金叉,中轨,弱势,因移动止盈卖出,009645
2023-02-01,1.7188,1.833,-6.23,因移动止盈卖出,59.02,金叉,中轨,弱势,因移动止盈卖出,009645
2023-02-02,1.6961,1.833,-7.47,因移动止盈卖出,54.73,金叉,中轨,弱势,因移动止盈卖出,009645
2023-02-03,1.6712,1.833,-8.83,因移动止盈卖出,50.41,金叉,中轨,弱势,因移动止盈卖出,009645
2023-02-06,1.6611,1.833,-9.38,因移动止盈卖出,48.73,死叉,中轨,弱势,因移动止盈卖出,009645
2023-02-07,1.647,1.833,-10.15,暂停定投,46.41,死叉,中轨,强势,暂停定投,009645
2023-02-08,1.6451,1.833,-10.25,暂停定投,46.09,死叉,中轨,弱势,暂停定投,009645
2023-02-09,1.6753,1.833,-8.6,因移动止盈卖出,51.77,死叉,中轨,强势,因移动止盈卖出,009645
2023-02-10,1.6437,1.833,-10.33,暂停定投,46.27,死叉,中轨,弱势,暂停定投,009645
2023-02-13,1.6702,1.833,-8.88,因移动止盈卖出,50.97,死叉,中轨,弱势,因移动止盈卖出,009645
2023-02-14,1.6653,1.833,-9.15,因移动止盈卖出,50.1,死叉,中轨,弱势,因移动止盈卖出,009645
2023-02-15,1.6508,1.833,-9.94,因移动止盈卖出,47.51,死叉,中轨,弱势,因移动止盈卖出,009645
2023-02-16,1.615,1.833,-11.89,暂停定投,41.76,死叉,中轨,弱势,暂停定投,009645
2023-02-17,1.5781,1.833,-13.91,暂停定投,36.82,死叉,下轨,弱势,暂停定投,009645
2023-02-20,1.6006,1.833,-12.68,暂停定投,41.38,死叉,中轨,弱势,暂停定投,009645
2023-02-21,1.6027,1.833,-12.56,暂停定投,41.8,死叉,中轨,弱势,暂停定投,009645
2023-02-22,1.5864,1.833,-13.45,暂停定投,39.43,死叉,中轨,中性,暂停定投,009645
2023-02-23,1.6277,1.833,-11.2,暂停定投,47.55,死叉,中轨,弱势,暂停定投,009645
2023-02-24,1.6014,1.833,-12.64,暂停定投,43.54,死叉,中轨,弱势,暂停定投,009645
2023-02-27,1.6192,1.833,-11.66,暂停定投,46.81,死叉,中轨,中性,暂停定投,009645
2023-02-28,1.6184,1.833,-11.71,暂停定投,46.68,死叉,中轨,强势,暂停定投,009645
2023-03-01,1.5858,1.833,-13.49,暂停定投,41.59,死叉,中轨,强势,暂停定投,009645
2023-03-06,1.5884,1.833,-13.34,暂停定投,44.73,死叉,中轨,弱势,暂停定投,009645
2023-03-07,1.5817,1.833,-13.71,暂停定投,43.71,死叉,中轨,弱势,暂停定投,009645
2023-03-08,1.5699,1.833,-14.35,暂停定投,41.9,死叉,中轨,弱势,暂停定投,009645
2023-03-16,1.4141,1.833,-22.85,因绝对止损（亏损>20%）卖出100%,23.71,死叉,下轨,强势,因绝对止损（亏损>20%）卖出100%,009645
2023-03-17,1.3957,1.833,-23.86,因绝对止损（亏损>20%）卖出100%,22.34,死叉,下轨,强势,因绝对止损（亏损>20%）卖出100%,009645
2023-03-20,1.4248,1.833,-22.27,因绝对止损（亏损>20%）卖出100%,29.3,死叉,中轨,弱势,因绝对止损（亏损>20%）卖出100%,009645
2023-03-21,1.4295,1.833,-22.01,因绝对止损（亏损>20%）卖出100%,30.39,死叉,中轨,强势,因绝对止损（亏损>20%）卖出100%,009645
2023-03-22,1.4132,1.833,-22.9,因绝对止损（亏损>20%）卖出100%,28.74,死叉,中轨,强势,因绝对止损（亏损>20%）卖出100%,009645
2023-03-23,1.4027,1.833,-23.48,因绝对止损（亏损>20%）卖出100%,27.7,死叉,中轨,强势,因绝对止损（亏损>20%）卖出100%,009645
2023-03-24,1.4059,1.833,-23.3,因绝对止损（亏损>20%）卖出100%,28.55,死叉,中轨,强势,因绝对止损（亏损>20%）卖出100%,009645
2023-03-27,1.4243,1.833,-22.3,因绝对止损（亏损>20%）卖出100%,33.4,死叉,中轨,弱势,因绝对止损（亏损>20%）卖出100%,009645
2023-03-28,1.3949,1.833,-23.9,因绝对止损（亏损>20%）卖出100%,29.91,死叉,中轨,强势,因绝对止损（亏损>20%）卖出100%,009645
2023-03-29,1.4161,1.833,-22.74,因绝对止损（亏损>20%）卖出100%,35.17,死叉,中轨,强势,因绝对止损（亏损>20%）卖出100%,009645
2023-03-30,1.4267,1.833,-22.17,因绝对止损（亏损>20%）卖出100%,37.69,金叉,中轨,强势,因绝对止损（亏损>20%）卖出100%,009645
2023-03-31,1.4377,1.833,-21.57,因绝对止损（亏损>20%）卖出100%,40.29,金叉,中轨,强势,因绝对止损（亏损>20%）卖出100%,009645
2023-04-04,1.4271,1.833,-22.14,因绝对止损（亏损>20%）卖出100%,40.35,金叉,中轨,弱势,因绝对止损（亏损>20%）卖出100%,009645
2023-04-12,1.4571,1.833,-20.51,因绝对止损（亏损>20%）卖出100%,46.0,金叉,中轨,弱势,因绝对止损（亏损>20%）卖出100%,009645
2023-04-13,1.4503,1.833,-20.88,因绝对止损（亏损>20%）卖出100%,44.78,金叉,中轨,弱势,因绝对止损（亏损>20%）卖出100%,009645
2023-04-24,1.4389,1.833,-21.5,因绝对止损（亏损>20%）卖出100%,41.53,金叉,中轨,弱势,因绝对止损（亏损>20%）卖出100%,009645
2023-04-25,1.4024,1.833,-23.49,因绝对止损（亏损>20%）卖出100%,36.57,金叉,中轨,弱势,因绝对止损（亏损>20%）卖出100%,009645
2023-04-28,1.4512,1.833,-20.83,因绝对止损（亏损>20%）卖出100%,45.99,金叉,中轨,强势,因绝对止损（亏损>20%）卖出100%,009645
2023-05-04,1.4302,1.833,-21.97,因绝对止损（亏损>20%）卖出100%,43.11,死叉,中轨,弱势,因绝对止损（亏损>20%）卖出100%,009645
2023-05-05,1.402,1.833,-23.51,因绝对止损（亏损>20%）卖出100%,39.54,死叉,中轨,强势,因绝对止损（亏损>20%）卖出100%,009645
2023-05-08,1.3914,1.833,-24.09,因绝对止损（亏损>20%）卖出100%,38.25,死叉,中轨,弱势,因绝对止损（亏损>20%）卖出100%,009645
2023-05-09,1.3535,1.833,-26.16,因绝对止损（亏损>20%）卖出100%,34.0,死叉,中轨,弱势,因绝对止损（亏损>20%）卖出100%,009645
2023-05-10,1.3556,1.833,-26.04,因绝对止损（亏损>20%）卖出100%,34.44,死叉,中轨,弱势,因绝对止损（亏损>20%）卖出100%,009645
2023-05-11,1.3574,1.833,-25.95,因绝对止损（亏损>20%）卖出100%,34.83,死叉,中轨,弱势,因绝对止损（亏损>20%）卖出100%,009645
2023-05-12,1.3322,1.833,-27.32,因绝对止损（亏损>20%）卖出100%,31.92,死叉,中轨,强势,因绝对止损（亏损>20%）卖出100%,009645
2023-05-15,1.386,1.833,-24.39,因绝对止损（亏损>20%）卖出100%,42.89,死叉,中轨,弱势,因绝对止损（亏损>20%）卖出100%,009645
2023-05-16,1.4084,1.833,-23.16,因绝对止损（亏损>20%）卖出100%,46.74,死叉,中轨,弱势,因绝对止损（亏损>20%）卖出100%,009645
2023-05-17,1.4164,1.833,-22.73,因绝对止损（亏损>20%）卖出100%,48.08,死叉,中轨,弱势,因绝对止损（亏损>20%）卖出100%,009645
2023-05-18,1.4044,1.833,-23.38,因绝对止损（亏损>20%）卖出100%,46.2,金叉,中轨,弱势,因绝对止损（亏损>20%）卖出100%,009645
2023-05-19,1.4028,1.833,-23.47,因绝对止损（亏损>20%）卖出100%,45.94,金叉,中轨,弱势,因绝对止损（亏损>20%）卖出100%,009645
2023-05-22,1.3914,1.833,-24.09,因绝对止损（亏损>20%）卖出100%,44.05,金叉,中轨,弱势,因绝对止损（亏损>20%）卖出100%,009645
2023-05-23,1.375,1.833,-24.99,因绝对止损（亏损>20%）卖出100%,41.41,金叉,中轨,弱势,因绝对止损（亏损>20%）卖出100%,009645
2023-05-24,1.4022,1.833,-23.5,因绝对止损（亏损>20%）卖出100%,47.08,金叉,中轨,弱势,因绝对止损（亏损>20%）卖出100%,009645
2023-05-25,1.4293,1.833,-22.02,因绝对止损（亏损>20%）卖出100%,52.05,金叉,中轨,弱势,因绝对止损（亏损>20%）卖出100%,009645
2023-05-26,1.4172,1.833,-22.68,因绝对止损（亏损>20%）卖出100%,49.8,金叉,中轨,弱势,因绝对止损（亏损>20%）卖出100%,009645
2023-05-29,1.3931,1.833,-24.0,因绝对止损（亏损>20%）卖出100%,45.57,金叉,中轨,强势,因绝对止损（亏损>20%）卖出100%,009645
2023-05-30,1.3872,1.833,-24.32,因绝对止损（亏损>20%）卖出100%,44.57,金叉,中轨,强势,因绝对止损（亏损>20%）卖出100%,009645
2023-05-31,1.3774,1.833,-24.86,因绝对止损（亏损>20%）卖出100%,42.89,金叉,中轨,弱势,因绝对止损（亏损>20%）卖出100%,009645
2023-06-01,1.3585,1.833,-25.89,因绝对止损（亏损>20%）卖出100%,39.78,金叉,中轨,弱势,因绝对止损（亏损>20%）卖出100%,009645
2023-06-02,1.369,1.833,-25.31,因绝对止损（亏损>20%）卖出100%,42.29,金叉,中轨,弱势,因绝对止损（亏损>20%）卖出100%,009645
2023-06-05,1.3811,1.833,-24.65,因绝对止损（亏损>20%）卖出100%,45.12,金叉,中轨,弱势,因绝对止损（亏损>20%）卖出100%,009645
2023-06-06,1.3546,1.833,-26.1,因绝对止损（亏损>20%）卖出100%,40.44,金叉,中轨,弱势,因绝对止损（亏损>20%）卖出100%,009645
2023-06-07,1.3334,1.833,-27.26,因绝对止损（亏损>20%）卖出100%,37.12,死叉,中轨,弱势,因绝对止损（亏损>20%）卖出100%,009645
2023-06-08,1.3119,1.833,-28.43,因绝对止损（亏损>20%）卖出100%,34.06,死叉,中轨,弱势,因绝对止损（亏损>20%）卖出100%,009645
2023-06-09,1.334,1.833,-27.22,因绝对止损（亏损>20%）卖出100%,39.57,死叉,中轨,弱势,因绝对止损（亏损>20%）卖出100%,009645
2023-06-12,1.3339,1.833,-27.23,因绝对止损（亏损>20%）卖出100%,39.55,死叉,中轨,弱势,因绝对止损（亏损>20%）卖出100%,009645
2023-06-13,1.3578,1.833,-25.92,因绝对止损（亏损>20%）卖出100%,45.28,死叉,中轨,弱势,因绝对止损（亏损>20%）卖出100%,009645
2023-06-14,1.3723,1.833,-25.13,因绝对止损（亏损>20%）卖出100%,48.47,金叉,中轨,弱势,因绝对止损（亏损>20%）卖出100%,009645
2023-06-15,1.3644,1.833,-25.56,因绝对止损（亏损>20%）卖出100%,46.87,金叉,中轨,弱势,因绝对止损（亏损>20%）卖出100%,009645
2023-06-16,1.3835,1.833,-24.52,因绝对止损（亏损>20%）卖出100%,51.08,金叉,中轨,弱势,因绝对止损（亏损>20%）卖出100%,009645
2023-06-19,1.3726,1.833,-25.12,因绝对止损（亏损>20%）卖出100%,48.71,金叉,中轨,中性,因绝对止损（亏损>20%）卖出100%,009645
2023-06-20,1.3588,1.833,-25.87,因绝对止损（亏损>20%）卖出100%,45.8,金叉,中轨,强势,因绝对止损（亏损>20%）卖出100%,009645
2023-06-21,1.2987,1.833,-29.15,因绝对止损（亏损>20%）卖出100%,35.8,金叉,中轨,强势,因绝对止损（亏损>20%）卖出100%,009645
2023-06-26,1.3046,1.833,-28.83,因绝对止损（亏损>20%）卖出100%,37.25,金叉,中轨,弱势,因绝对止损（亏损>20%）卖出100%,009645
2023-06-27,1.2985,1.833,-29.16,因绝对止损（亏损>20%）卖出100%,36.34,死叉,中轨,弱势,因绝对止损（亏损>20%）卖出100%,009645
2023-06-28,1.3212,1.833,-27.92,因绝对止损（亏损>20%）卖出100%,42.03,死叉,中轨,弱势,因绝对止损（亏损>20%）卖出100%,009645
2023-06-29,1.3142,1.833,-28.3,因绝对止损（亏损>20%）卖出100%,40.82,死叉,中轨,弱势,因绝对止损（亏损>20%）卖出100%,009645
2023-06-30,1.3423,1.833,-26.77,因绝对止损（亏损>20%）卖出100%,47.38,金叉,中轨,中性,因绝对止损（亏损>20%）卖出100%,009645
2023-07-03,1.3365,1.833,-27.09,因绝对止损（亏损>20%）卖出100%,46.24,金叉,中轨,强势,因绝对止损（亏损>20%）卖出100%,009645
2023-07-04,1.3385,1.833,-26.98,因绝对止损（亏损>20%）卖出100%,46.72,金叉,中轨,强势,因绝对止损（亏损>20%）卖出100%,009645
2023-07-05,1.2959,1.833,-29.3,因绝对止损（亏损>20%）卖出100%,38.83,金叉,中轨,强势,因绝对止损（亏损>20%）卖出100%,009645
2023-07-06,1.2906,1.833,-29.59,因绝对止损（亏损>20%）卖出100%,37.97,金叉,中轨,强势,因绝对止损（亏损>20%）卖出100%,009645
2023-07-07,1.2791,1.833,-30.22,因绝对止损（亏损>20%）卖出100%,36.11,死叉,中轨,强势,因绝对止损（亏损>20%）卖出100%,009645
2023-07-10,1.2754,1.833,-30.42,因绝对止损（亏损>20%）卖出100%,35.5,死叉,中轨,弱势,因绝对止损（亏损>20%）卖出100%,009645
2023-07-11,1.2901,1.833,-29.62,因绝对止损（亏损>20%）卖出100%,39.81,死叉,中轨,弱势,因绝对止损（亏损>20%）卖出100%,009645
2023-07-12,1.2496,1.833,-31.83,因绝对止损（亏损>20%）卖出100%,33.22,死叉,中轨,弱势,因绝对止损（亏损>20%）卖出100%,009645
2023-07-13,1.2739,1.833,-30.5,因绝对止损（亏损>20%）卖出100%,39.67,死叉,中轨,弱势,因绝对止损（亏损>20%）卖出100%,009645
2023-07-14,1.2748,1.833,-30.45,因绝对止损（亏损>20%）卖出100%,39.91,死叉,中轨,弱势,因绝对止损（亏损>20%）卖出100%,009645
2023-07-17,1.2521,1.833,-31.69,因绝对止损（亏损>20%）卖出100%,36.14,死叉,中轨,弱势,因绝对止损（亏损>20%）卖出100%,009645
2023-07-18,1.2438,1.833,-32.14,因绝对止损（亏损>20%）卖出100%,34.84,死叉,中轨,弱势,因绝对止损（亏损>20%）卖出100%,009645
2023-07-19,1.2308,1.833,-32.85,因绝对止损（亏损>20%）卖出100%,32.86,死叉,中轨,弱势,因绝对止损（亏损>20%）卖出100%,009645
2023-07-20,1.2109,1.833,-33.94,因绝对止损（亏损>20%）卖出100%,30.03,死叉,中轨,弱势,因绝对止损（亏损>20%）卖出100%,009645
2023-07-21,1.2041,1.833,-34.31,因绝对止损（亏损>20%）卖出100%,29.11,死叉,中轨,强势,因绝对止损（亏损>20%）卖出100%,009645
2023-07-24,1.1884,1.833,-35.17,因绝对止损（亏损>20%）卖出100%,27.05,死叉,中轨,弱势,因绝对止损（亏损>20%）卖出100%,009645
2023-07-25,1.2083,1.833,-34.08,因绝对止损（亏损>20%）卖出100%,33.48,死叉,中轨,弱势,因绝对止损（亏损>20%）卖出100%,009645
2023-07-26,1.2132,1.833,-33.81,因绝对止损（亏损>20%）卖出100%,35.0,死叉,中轨,弱势,因绝对止损（亏损>20%）卖出100%,009645
2023-07-27,1.1921,1.833,-34.96,因绝对止损（亏损>20%）卖出100%,31.65,死叉,中轨,弱势,因绝对止损（亏损>20%）卖出100%,009645
2023-07-28,1.1931,1.833,-34.91,因绝对止损（亏损>20%）卖出100%,31.98,死叉,中轨,弱势,因绝对止损（亏损>20%）卖出100%,009645
2023-07-31,1.2193,1.833,-33.48,因绝对止损（亏损>20%）卖出100%,40.19,死叉,中轨,弱势,因绝对止损（亏损>20%）卖出100%,009645
2023-08-01,1.2198,1.833,-33.45,因绝对止损（亏损>20%）卖出100%,40.34,金叉,中轨,弱势,因绝对止损（亏损>20%）卖出100%,009645
2023-08-02,1.2374,1.833,-32.49,因绝对止损（亏损>20%）卖出100%,45.45,金叉,中轨,弱势,因绝对止损（亏损>20%）卖出100%,009645
2023-08-03,1.2368,1.833,-32.53,因绝对止损（亏损>20%）卖出100%,45.31,金叉,中轨,中性,因绝对止损（亏损>20%）卖出100%,009645
2023-08-04,1.2303,1.833,-32.88,因绝对止损（亏损>20%）卖出100%,43.71,金叉,中轨,弱势,因绝对止损（亏损>20%）卖出100%,009645
2023-08-07,1.2321,1.833,-32.78,因绝对止损（亏损>20%）卖出100%,44.3,金叉,中轨,弱势,因绝对止损（亏损>20%）卖出100%,009645
2023-08-08,1.2276,1.833,-33.03,因绝对止损（亏损>20%）卖出100%,43.09,金叉,中轨,弱势,因绝对止损（亏损>20%）卖出100%,009645
2023-08-09,1.2142,1.833,-33.76,因绝对止损（亏损>20%）卖出100%,39.62,金叉,中轨,中性,因绝对止损（亏损>20%）卖出100%,009645
2023-08-10,1.2259,1.833,-33.12,因绝对止损（亏损>20%）卖出100%,43.87,金叉,中轨,弱势,因绝对止损（亏损>20%）卖出100%,009645
2023-08-11,1.1995,1.833,-34.56,因绝对止损（亏损>20%）卖出100%,37.46,金叉,中轨,中性,因绝对止损（亏损>20%）卖出100%,009645
2023-08-14,1.1917,1.833,-34.99,因绝对止损（亏损>20%）卖出100%,35.8,金叉,中轨,中性,因绝对止损（亏损>20%）卖出100%,009645
2023-08-15,1.1593,1.833,-36.75,因绝对止损（亏损>20%）卖出100%,29.87,金叉,中轨,中性,因绝对止损（亏损>20%）卖出100%,009645
2023-08-16,1.1334,1.833,-38.17,因绝对止损（亏损>20%）卖出100%,26.14,死叉,下轨,中性,因绝对止损（亏损>20%）卖出100%,009645
2023-08-17,1.1417,1.833,-37.71,因绝对止损（亏损>20%）卖出100%,29.19,死叉,下轨,弱势,因绝对止损（亏损>20%）卖出100%,009645
2023-08-18,1.1253,1.833,-38.61,因绝对止损（亏损>20%）卖出100%,26.83,死叉,下轨,强势,因绝对止损（亏损>20%）卖出100%,009645
2023-08-21,1.116,1.833,-39.12,因绝对止损（亏损>20%）卖出100%,25.57,死叉,下轨,中性,因绝对止损（亏损>20%）卖出100%,009645
2023-08-22,1.1261,1.833,-38.57,因绝对止损（亏损>20%）卖出100%,29.45,死叉,中轨,强势,因绝对止损（亏损>20%）卖出100%,009645
2023-08-23,1.09,1.833,-40.53,因绝对止损（亏损>20%）卖出100%,24.53,死叉,中轨,强势,因绝对止损（亏损>20%）卖出100%,009645
2023-08-24,1.1099,1.833,-39.45,因绝对止损（亏损>20%）卖出100%,31.34,死叉,中轨,强势,因绝对止损（亏损>20%）卖出100%,009645
2023-08-25,1.0883,1.833,-40.63,因绝对止损（亏损>20%）卖出100%,28.35,死叉,中轨,强势,因绝对止损（亏损>20%）卖出100%,009645
2023-08-28,1.0753,1.833,-41.34,因绝对止损（亏损>20%）卖出100%,26.7,死叉,中轨,中性,因绝对止损（亏损>20%）卖出100%,009645
2023-08-29,1.1353,1.833,-38.06,因绝对止损（亏损>20%）卖出100%,43.16,死叉,中轨,强势,因绝对止损（亏损>20%）卖出100%,009645
2023-08-30,1.1711,1.833,-36.11,因绝对止损（亏损>20%）卖出100%,50.32,金叉,中轨,强势,因绝对止损（亏损>20%）卖出100%,009645
2023-08-31,1.1984,1.833,-34.62,因绝对止损（亏损>20%）卖出100%,54.98,金叉,中轨,强势,因绝对止损（亏损>20%）卖出100%,009645
2023-09-01,1.1977,1.833,-34.66,因绝对止损（亏损>20%）卖出100%,54.84,金叉,中轨,弱势,因绝对止损（亏损>20%）卖出100%,009645
2023-09-04,1.1915,1.833,-35.0,因绝对止损（亏损>20%）卖出100%,53.52,金叉,中轨,弱势,因绝对止损（亏损>20%）卖出100%,009645
2023-09-05,1.1936,1.833,-34.88,因绝对止损（亏损>20%）卖出100%,53.93,金叉,中轨,弱势,因绝对止损（亏损>20%）卖出100%,009645
2023-09-06,1.2371,1.833,-32.51,因绝对止损（亏损>20%）卖出100%,61.41,金叉,中轨,弱势,因绝对止损（亏损>20%）卖出100%,009645
2023-09-07,1.1862,1.833,-35.29,因绝对止损（亏损>20%）卖出100%,50.97,金叉,中轨,弱势,因绝对止损（亏损>20%）卖出100%,009645
2023-09-08,1.1945,1.833,-34.83,因绝对止损（亏损>20%）卖出100%,52.4,金叉,中轨,弱势,因绝对止损（亏损>20%）卖出100%,009645
2023-09-11,1.1912,1.833,-35.01,因绝对止损（亏损>20%）卖出100%,51.75,金叉,中轨,中性,因绝对止损（亏损>20%）卖出100%,009645
2023-09-12,1.1792,1.833,-35.67,因绝对止损（亏损>20%）卖出100%,49.38,金叉,中轨,弱势,因绝对止损（亏损>20%）卖出100%,009645
2023-09-13,1.1709,1.833,-36.12,因绝对止损（亏损>20%）卖出100%,47.75,金叉,中轨,弱势,因绝对止损（亏损>20%）卖出100%,009645
2023-09-14,1.1472,1.833,-37.41,因绝对止损（亏损>20%）卖出100%,43.36,金叉,中轨,弱势,因绝对止损（亏损>20%）卖出100%,009645
2023-09-15,1.1538,1.833,-37.05,因绝对止损（亏损>20%）卖出100%,44.88,金叉,中轨,中性,因绝对止损（亏损>20%）卖出100%,009645
2023-09-18,1.1265,1.833,-38.54,因绝对止损（亏损>20%）卖出100%,40.08,金叉,中轨,弱势,因绝对止损（亏损>20%）卖出100%,009645
2023-09-19,1.1148,1.833,-39.18,因绝对止损（亏损>20%）卖出100%,38.19,死叉,中轨,弱势,因绝对止损（亏损>20%）卖出100%,009645
2023-09-20,1.0944,1.833,-40.29,因绝对止损（亏损>20%）卖出100%,35.09,死叉,中轨,弱势,因绝对止损（亏损>20%）卖出100%,009645
2023-09-21,1.0876,1.833,-40.67,因绝对止损（亏损>20%）卖出100%,34.1,死叉,中轨,弱势,因绝对止损（亏损>20%）卖出100%,009645
2023-09-22,1.1193,1.833,-38.94,因绝对止损（亏损>20%）卖出100%,42.3,死叉,中轨,弱势,因绝对止损（亏损>20%）卖出100%,009645
2023-09-25,1.1102,1.833,-39.43,因绝对止损（亏损>20%）卖出100%,40.73,死叉,中轨,弱势,因绝对止损（亏损>20%）卖出100%,009645
2023-09-26,1.1049,1.833,-39.72,因绝对止损（亏损>20%）卖出100%,39.81,死叉,中轨,强势,因绝对止损（亏损>20%）卖出100%,009645
2023-09-27,1.1026,1.833,-39.85,因绝对止损（亏损>20%）卖出100%,39.39,死叉,中轨,弱势,因绝对止损（亏损>20%）卖出100%,009645
2023-09-28,1.1444,1.833,-37.57,因绝对止损（亏损>20%）卖出100%,49.72,死叉,中轨,强势,因绝对止损（亏损>20%）卖出100%,009645
2023-10-09,1.1475,1.833,-37.4,因绝对止损（亏损>20%）卖出100%,50.4,金叉,中轨,弱势,因绝对止损（亏损>20%）卖出100%,009645
2023-10-10,1.1545,1.833,-37.02,因绝对止损（亏损>20%）卖出100%,51.97,金叉,中轨,弱势,因绝对止损（亏损>20%）卖出100%,009645
2023-10-11,1.1682,1.833,-36.27,因绝对止损（亏损>20%）卖出100%,54.97,金叉,中轨,弱势,因绝对止损（亏损>20%）卖出100%,009645
2023-10-12,1.2046,1.833,-34.28,因绝对止损（亏损>20%）卖出100%,61.8,金叉,中轨,弱势,因绝对止损（亏损>20%）卖出100%,009645
2023-10-13,1.2005,1.833,-34.51,因绝对止损（亏损>20%）卖出100%,60.68,金叉,中轨,弱势,因绝对止损（亏损>20%）卖出100%,009645
2023-10-16,1.171,1.833,-36.12,因绝对止损（亏损>20%）卖出100%,53.23,金叉,中轨,弱势,因绝对止损（亏损>20%）卖出100%,009645
2023-10-17,1.1877,1.833,-35.2,因绝对止损（亏损>20%）卖出100%,56.49,金叉,中轨,弱势,因绝对止损（亏损>20%）卖出100%,009645
2023-10-18,1.1756,1.833,-35.86,因绝对止损（亏损>20%）卖出100%,53.58,金叉,中轨,中性,因绝对止损（亏损>20%）卖出100%,009645
2023-10-19,1.1767,1.833,-35.8,因绝对止损（亏损>20%）卖出100%,53.81,金叉,中轨,中性,因绝对止损（亏损>20%）卖出100%,009645
2023-10-20,1.153,1.833,-37.1,因绝对止损（亏损>20%）卖出100%,48.19,金叉,中轨,强势,因绝对止损（亏损>20%）卖出100%,009645
2023-10-23,1.1233,1.833,-38.72,因绝对止损（亏损>20%）卖出100%,42.24,金叉,中轨,强势,因绝对止损（亏损>20%）卖出100%,009645
2023-10-24,1.1636,1.833,-36.52,因绝对止损（亏损>20%）卖出100%,51.07,金叉,中轨,强势,因绝对止损（亏损>20%）卖出100%,009645
2023-10-25,1.1466,1.833,-37.45,因绝对止损（亏损>20%）卖出100%,47.76,金叉,中轨,弱势,因绝对止损（亏损>20%）卖出100%,009645
2023-10-26,1.1482,1.833,-37.36,因绝对止损（亏损>20%）卖出100%,48.1,死叉,中轨,弱势,因绝对止损（亏损>20%）卖出100%,009645
2023-10-27,1.1674,1.833,-36.31,因绝对止损（亏损>20%）卖出100%,52.14,金叉,中轨,弱势,因绝对止损（亏损>20%）卖出100%,009645
2023-10-30,1.2097,1.833,-34.0,因绝对止损（亏损>20%）卖出100%,59.61,金叉,中轨,强势,因绝对止损（亏损>20%）卖出100%,009645
2023-10-31,1.2194,1.833,-33.48,因绝对止损（亏损>20%）卖出100%,61.1,金叉,中轨,强势,因绝对止损（亏损>20%）卖出100%,009645
2023-11-01,1.2017,1.833,-34.44,因绝对止损（亏损>20%）卖出100%,56.95,金叉,中轨,弱势,因绝对止损（亏损>20%）卖出100%,009645
2023-11-02,1.1754,1.833,-35.88,因绝对止损（亏损>20%）卖出100%,51.37,金叉,中轨,弱势,因绝对止损（亏损>20%）卖出100%,009645
2023-11-03,1.1997,1.833,-34.55,因绝对止损（亏损>20%）卖出100%,55.69,金叉,中轨,强势,因绝对止损（亏损>20%）卖出100%,009645
2023-11-06,1.2136,1.833,-33.79,因绝对止损（亏损>20%）卖出100%,57.99,金叉,中轨,强势,因绝对止损（亏损>20%）卖出100%,009645
2023-11-07,1.2173,1.833,-33.59,因绝对止损（亏损>20%）卖出100%,58.61,金叉,中轨,中性,因绝对止损（亏损>20%）卖出100%,009645
2023-11-08,1.2439,1.833,-32.14,因绝对止损（亏损>20%）卖出100%,62.83,金叉,中轨,弱势,因绝对止损（亏损>20%）卖出100%,009645
2023-11-09,1.2249,1.833,-33.18,因绝对止损（亏损>20%）卖出100%,58.26,金叉,中轨,强势,因绝对止损（亏损>20%）卖出100%,009645
2023-11-10,1.2296,1.833,-32.92,因绝对止损（亏损>20%）卖出100%,59.05,金叉,中轨,强势,因绝对止损（亏损>20%）卖出100%,009645
2023-11-13,1.2277,1.833,-33.02,因绝对止损（亏损>20%）卖出100%,58.57,金叉,中轨,强势,因绝对止损（亏损>20%）卖出100%,009645
2023-11-14,1.2428,1.833,-32.2,因绝对止损（亏损>20%）卖出100%,61.29,金叉,中轨,中性,因绝对止损（亏损>20%）卖出100%,009645
2023-11-15,1.2273,1.833,-33.04,因绝对止损（亏损>20%）卖出100%,57.14,金叉,中轨,弱势,因绝对止损（亏损>20%）卖出100%,009645
2023-11-16,1.2044,1.833,-34.29,因绝对止损（亏损>20%）卖出100%,51.59,金叉,中轨,弱势,因绝对止损（亏损>20%）卖出100%,009645
2023-11-17,1.2159,1.833,-33.67,因绝对止损（亏损>20%）卖出100%,54.01,金叉,中轨,强势,因绝对止损（亏损>20%）卖出100%,009645
2023-11-20,1.2146,1.833,-33.74,因绝对止损（亏损>20%）卖出100%,53.68,死叉,中轨,强势,因绝对止损（亏损>20%）卖出100%,009645
2023-11-21,1.1961,1.833,-34.75,因绝对止损（亏损>20%）卖出100%,49.13,死叉,中轨,强势,因绝对止损（亏损>20%）卖出100%,009645
2023-11-22,1.1794,1.833,-35.66,因绝对止损（亏损>20%）卖出100%,45.39,死叉,中轨,强势,因绝对止损（亏损>20%）卖出100%,009645
2023-11-23,1.1926,1.833,-34.94,因绝对止损（亏损>20%）卖出100%,48.71,死叉,中轨,强势,因绝对止损（亏损>20%）卖出100%,009645
2023-11-24,1.1741,1.833,-35.95,因绝对止损（亏损>20%）卖出100%,44.62,死叉,中轨,强势,因绝对止损（亏损>20%）卖出100%,009645
2023-11-27,1.2052,1.833,-34.25,因绝对止损（亏损>20%）卖出100%,51.94,死叉,中轨,弱势,因绝对止损（亏损>20%）卖出100%,009645
2023-11-28,1.201,1.833,-34.48,因绝对止损（亏损>20%）卖出100%,50.96,死叉,中轨,强势,因绝对止损（亏损>20%）卖出100%,009645
2023-11-29,1.2121,1.833,-33.87,因绝对止损（亏损>20%）卖出100%,53.45,死叉,中轨,强势,因绝对止损（亏损>20%）卖出100%,009645
2023-11-30,1.2199,1.833,-33.45,因绝对止损（亏损>20%）卖出100%,55.18,死叉,中轨,强势,因绝对止损（亏损>20%）卖出100%,009645
2023-12-01,1.2166,1.833,-33.63,因绝对止损（亏损>20%）卖出100%,54.26,死叉,中轨,弱势,因绝对止损（亏损>20%）卖出100%,009645
2023-12-04,1.2071,1.833,-34.15,因绝对止损（亏损>20%）卖出100%,51.6,死叉,中轨,弱势,因绝对止损（亏损>20%）卖出100%,009645
2023-12-05,1.1861,1.833,-35.29,因绝对止损（亏损>20%）卖出100%,46.21,死叉,中轨,弱势,因绝对止损（亏损>20%）卖出100%,009645
2023-12-06,1.1939,1.833,-34.87,因绝对止损（亏损>20%）卖出100%,48.37,死叉,中轨,弱势,因绝对止损（亏损>20%）卖出100%,009645
2023-12-07,1.1752,1.833,-35.89,因绝对止损（亏损>20%）卖出100%,43.83,死叉,中轨,中性,因绝对止损（亏损>20%）卖出100%,009645
2023-12-08,1.2001,1.833,-34.53,因绝对止损（亏损>20%）卖出100%,50.49,死叉,中轨,强势,因绝对止损（亏损>20%）卖出100%,009645
2023-12-11,1.2215,1.833,-33.36,因绝对止损（亏损>20%）卖出100%,55.39,死叉,中轨,强势,因绝对止损（亏损>20%）卖出100%,009645
2023-12-12,1.2136,1.833,-33.79,因绝对止损（亏损>20%）卖出100%,53.3,死叉,中轨,弱势,因绝对止损（亏损>20%）卖出100%,009645
2023-12-13,1.2059,1.833,-34.21,因绝对止损（亏损>20%）卖出100%,51.26,死叉,中轨,弱势,因绝对止损（亏损>20%）卖出100%,009645
2023-12-14,1.1958,1.833,-34.76,因绝对止损（亏损>20%）卖出100%,48.63,死叉,中轨,强势,因绝对止损（亏损>20%）卖出100%,009645
2023-12-15,1.1836,1.833,-35.43,因绝对止损（亏损>20%）卖出100%,45.6,死叉,中轨,强势,因绝对止损（亏损>20%）卖出100%,009645
2023-12-18,1.1627,1.833,-36.57,因绝对止损（亏损>20%）卖出100%,40.89,死叉,中轨,强势,因绝对止损（亏损>20%）卖出100%,009645
2023-12-19,1.1799,1.833,-35.63,因绝对止损（亏损>20%）卖出100%,45.84,死叉,中轨,弱势,因绝对止损（亏损>20%）卖出100%,009645
2023-12-20,1.1674,1.833,-36.31,因绝对止损（亏损>20%）卖出100%,43.02,死叉,中轨,强势,因绝对止损（亏损>20%）卖出100%,009645
2023-12-21,1.1761,1.833,-35.84,因绝对止损（亏损>20%）卖出100%,45.53,死叉,中轨,强势,因绝对止损（亏损>20%）卖出100%,009645
2023-12-22,1.1586,1.833,-36.79,因绝对止损（亏损>20%）卖出100%,41.56,死叉,中轨,中性,因绝对止损（亏损>20%）卖出100%,009645
2023-12-25,1.146,1.833,-37.48,因绝对止损（亏损>20%）卖出100%,38.93,死叉,中轨,强势,因绝对止损（亏损>20%）卖出100%,009645
2023-12-26,1.1205,1.833,-38.87,因绝对止损（亏损>20%）卖出100%,34.2,死叉,下轨,弱势,因绝对止损（亏损>20%）卖出100%,009645
2023-12-27,1.1516,1.833,-37.17,因绝对止损（亏损>20%）卖出100%,43.25,死叉,中轨,强势,因绝对止损（亏损>20%）卖出100%,009645
2023-12-28,1.1613,1.833,-36.64,因绝对止损（亏损>20%）卖出100%,45.75,死叉,中轨,弱势,因绝对止损（亏损>20%）卖出100%,009645
2023-12-29,1.1654,1.833,-36.42,因绝对止损（亏损>20%）卖出100%,46.82,死叉,中轨,强势,因绝对止损（亏损>20%）卖出100%,009645
2023-12-31,1.1653,1.833,-36.43,因绝对止损（亏损>20%）卖出100%,46.8,死叉,中轨,强势,因绝对止损（亏损>20%）卖出100%,009645
2024-01-02,1.1357,1.833,-38.04,因绝对止损（亏损>20%）卖出100%,40.18,死叉,中轨,强势,因绝对止损（亏损>20%）卖出100%,009645
2024-01-03,1.1113,1.833,-39.37,因绝对止损（亏损>20%）卖出100%,35.69,死叉,中轨,弱势,因绝对止损（亏损>20%）卖出100%,009645
2024-01-04,1.0981,1.833,-40.09,因绝对止损（亏损>20%）卖出100%,33.51,死叉,下轨,中性,因绝对止损（亏损>20%）卖出100%,009645
2024-01-05,1.0844,1.833,-40.84,因绝对止损（亏损>20%）卖出100%,31.37,死叉,下轨,弱势,因绝对止损（亏损>20%）卖出100%,009645
2024-01-08,1.0447,1.833,-43.01,因绝对止损（亏损>20%）卖出100%,26.16,死叉,下轨,强势,因绝对止损（亏损>20%）卖出100%,009645
2024-01-09,1.0385,1.833,-43.34,因绝对止损（亏损>20%）卖出100%,25.45,死叉,下轨,强势,因绝对止损（亏损>20%）卖出100%,009645
2024-01-10,1.027,1.833,-43.97,因绝对止损（亏损>20%）卖出100%,24.13,死叉,下轨,强势,因绝对止损（亏损>20%）卖出100%,009645
2024-01-11,1.0389,1.833,-43.32,因绝对止损（亏损>20%）卖出100%,28.25,死叉,中轨,强势,因绝对止损（亏损>20%）卖出100%,009645
2024-01-12,1.0303,1.833,-43.79,因绝对止损（亏损>20%）卖出100%,27.11,死叉,中轨,强势,因绝对止损（亏损>20%）卖出100%,009645
2024-01-15,1.0321,1.833,-43.69,因绝对止损（亏损>20%）卖出100%,27.77,死叉,中轨,强势,因绝对止损（亏损>20%）卖出100%,009645
2024-01-16,1.0367,1.833,-43.44,因绝对止损（亏损>20%）卖出100%,29.53,死叉,中轨,强势,因绝对止损（亏损>20%）卖出100%,009645
2024-01-17,1.0079,1.833,-45.01,因绝对止损（亏损>20%）卖出100%,25.37,死叉,中轨,强势,因绝对止损（亏损>20%）卖出100%,009645
2024-01-18,1.0241,1.833,-44.13,因绝对止损（亏损>20%）卖出100%,31.23,死叉,中轨,强势,因绝对止损（亏损>20%）卖出100%,009645
2024-01-19,1.019,1.833,-44.41,因绝对止损（亏损>20%）卖出100%,30.42,死叉,中轨,中性,因绝对止损（亏损>20%）卖出100%,009645
2024-01-22,0.9728,1.833,-46.93,因绝对止损（亏损>20%）卖出100%,24.27,死叉,中轨,弱势,因绝对止损（亏损>20%）卖出100%,009645
2024-01-23,0.9784,1.833,-46.62,因绝对止损（亏损>20%）卖出100%,26.22,死叉,中轨,弱势,因绝对止损（亏损>20%）卖出100%,009645
2024-01-24,0.9729,1.833,-46.92,因绝对止损（亏损>20%）卖出100%,25.53,死叉,中轨,弱势,因绝对止损（亏损>20%）卖出100%,009645
2024-01-25,0.996,1.833,-45.66,因绝对止损（亏损>20%）卖出100%,33.49,死叉,中轨,弱势,因绝对止损（亏损>20%）卖出100%,009645
2024-01-26,0.9569,1.833,-47.8,因绝对止损（亏损>20%）卖出100%,28.03,死叉,中轨,弱势,因绝对止损（亏损>20%）卖出100%,009645
2024-01-29,0.9321,1.833,-49.15,因绝对止损（亏损>20%）卖出100%,25.22,死叉,中轨,弱势,因绝对止损（亏损>20%）卖出100%,009645
2024-01-30,0.8963,1.833,-51.1,因绝对止损（亏损>20%）卖出100%,21.82,死叉,中轨,强势,因绝对止损（亏损>20%）卖出100%,009645
2024-01-31,0.8759,1.833,-52.21,因绝对止损（亏损>20%）卖出100%,20.15,死叉,下轨,弱势,因绝对止损（亏损>20%）卖出100%,009645
2024-02-01,0.8908,1.833,-51.4,因绝对止损（亏损>20%）卖出100%,24.68,死叉,中轨,弱势,因绝对止损（亏损>20%）卖出100%,009645
2024-02-02,0.8581,1.833,-53.19,因绝对止损（亏损>20%）卖出100%,21.76,死叉,中轨,强势,因绝对止损（亏损>20%）卖出100%,009645
2024-02-05,0.847,1.833,-53.79,因绝对止损（亏损>20%）卖出100%,20.86,死叉,中轨,强势,因绝对止损（亏损>20%）卖出100%,009645
2024-02-06,0.9116,1.833,-50.27,因绝对止损（亏损>20%）卖出100%,37.17,死叉,中轨,弱势,因绝对止损（亏损>20%）卖出100%,009645
2024-02-07,0.9411,1.833,-48.66,因绝对止损（亏损>20%）卖出100%,42.95,金叉,中轨,强势,因绝对止损（亏损>20%）卖出100%,009645
2024-02-08,0.9678,1.833,-47.2,因绝对止损（亏损>20%）卖出100%,47.64,金叉,中轨,弱势,因绝对止损（亏损>20%）卖出100%,009645
2024-02-19,0.9756,1.833,-46.78,因绝对止损（亏损>20%）卖出100%,48.97,金叉,中轨,弱势,因绝对止损（亏损>20%）卖出100%,009645
2024-02-20,0.9644,1.833,-47.39,因绝对止损（亏损>20%）卖出100%,47.13,金叉,中轨,弱势,因绝对止损（亏损>20%）卖出100%,009645
2024-02-21,0.9714,1.833,-47.0,因绝对止损（亏损>20%）卖出100%,48.43,金叉,中轨,弱势,因绝对止损（亏损>20%）卖出100%,009645
2024-02-22,0.989,1.833,-46.04,因绝对止损（亏损>20%）卖出100%,51.66,金叉,中轨,弱势,因绝对止损（亏损>20%）卖出100%,009645
2024-02-23,0.9948,1.833,-45.73,因绝对止损（亏损>20%）卖出100%,52.71,金叉,中轨,弱势,因绝对止损（亏损>20%）卖出100%,009645
2024-02-26,1.0054,1.833,-45.15,因绝对止损（亏损>20%）卖出100%,54.65,金叉,中轨,弱势,因绝对止损（亏损>20%）卖出100%,009645
2024-02-27,1.0515,1.833,-42.64,因绝对止损（亏损>20%）卖出100%,61.96,金叉,中轨,弱势,因绝对止损（亏损>20%）卖出100%,009645
2024-02-28,1.0034,1.833,-45.26,因绝对止损（亏损>20%）卖出100%,52.46,金叉,中轨,强势,因绝对止损（亏损>20%）卖出100%,009645
2024-02-29,1.0791,1.833,-41.13,因绝对止损（亏损>20%）卖出100%,62.26,金叉,中轨,弱势,因绝对止损（亏损>20%）卖出100%,009645
2024-03-01,1.095,1.833,-40.26,因绝对止损（亏损>20%）卖出100%,63.95,金叉,中轨,弱势,因绝对止损（亏损>20%）卖出100%,009645
2024-03-04,1.1103,1.833,-39.43,因绝对止损（亏损>20%）卖出100%,65.54,金叉,中轨,弱势,因绝对止损（亏损>20%）卖出100%,009645
2024-03-05,1.0979,1.833,-40.1,因绝对止损（亏损>20%）卖出100%,63.11,金叉,中轨,弱势,因绝对止损（亏损>20%）卖出100%,009645
2024-03-06,1.0848,1.833,-40.82,因绝对止损（亏损>20%）卖出100%,60.55,金叉,中轨,弱势,因绝对止损（亏损>20%）卖出100%,009645
2024-03-07,1.0691,1.833,-41.67,因绝对止损（亏损>20%）卖出100%,57.54,金叉,中轨,弱势,因绝对止损（亏损>20%）卖出100%,009645
2024-03-08,1.0919,1.833,-40.43,因绝对止损（亏损>20%）卖出100%,60.6,金叉,中轨,弱势,因绝对止损（亏损>20%）卖出100%,009645
2024-03-11,1.1005,1.833,-39.96,因绝对止损（亏损>20%）卖出100%,61.72,金叉,中轨,弱势,因绝对止损（亏损>20%）卖出100%,009645
2024-03-12,1.0963,1.833,-40.19,因绝对止损（亏损>20%）卖出100%,60.81,金叉,中轨,强势,因绝对止损（亏损>20%）卖出100%,009645
2024-03-13,1.0937,1.833,-40.33,因绝对止损（亏损>20%）卖出100%,60.22,金叉,中轨,强势,因绝对止损（亏损>20%）卖出100%,009645
2024-03-14,1.0791,1.833,-41.13,因绝对止损（亏损>20%）卖出100%,56.87,金叉,中轨,弱势,因绝对止损（亏损>20%）卖出100%,009645
2024-03-15,1.0962,1.833,-40.2,因绝对止损（亏损>20%）卖出100%,59.7,金叉,中轨,弱势,因绝对止损（亏损>20%）卖出100%,009645
2024-03-18,1.13,1.833,-38.35,因绝对止损（亏损>20%）卖出100%,64.63,金叉,中轨,强势,因绝对止损（亏损>20%）卖出100%,009645
2024-03-19,1.1215,1.833,-38.82,因绝对止损（亏损>20%）卖出100%,62.56,金叉,中轨,弱势,因绝对止损（亏损>20%）卖出100%,009645
2024-03-20,1.12,1.833,-38.9,因绝对止损（亏损>20%）卖出100%,62.18,金叉,中轨,弱势,因绝对止损（亏损>20%）卖出100%,009645
2024-03-21,1.1126,1.833,-39.3,因绝对止损（亏损>20%）卖出100%,60.24,金叉,中轨,弱势,因绝对止损（亏损>20%）卖出100%,009645
2024-03-22,1.1126,1.833,-39.3,因绝对止损（亏损>20%）卖出100%,60.24,金叉,中轨,弱势,因绝对止损（亏损>20%）卖出100%,009645
2024-03-25,1.0869,1.833,-40.7,因绝对止损（亏损>20%）卖出100%,53.52,金叉,中轨,中性,因绝对止损（亏损>20%）卖出100%,009645
2024-03-26,1.0644,1.833,-41.93,因绝对止损（亏损>20%）卖出100%,48.42,死叉,中轨,弱势,因绝对止损（亏损>20%）卖出100%,009645
2024-03-27,1.0335,1.833,-43.62,因绝对止损（亏损>20%）卖出100%,42.44,死叉,中轨,弱势,因绝对止损（亏损>20%）卖出100%,009645
2024-03-28,1.0504,1.833,-42.7,因绝对止损（亏损>20%）卖出100%,46.34,死叉,中轨,弱势,因绝对止损（亏损>20%）卖出100%,009645
2024-03-29,1.0491,1.833,-42.77,因绝对止损（亏损>20%）卖出100%,46.08,死叉,中轨,强势,因绝对止损（亏损>20%）卖出100%,009645
2024-04-01,1.0759,1.833,-41.3,因绝对止损（亏损>20%）卖出100%,52.03,死叉,中轨,弱势,因绝对止损（亏损>20%）卖出100%,009645
2024-04-02,1.0572,1.833,-42.32,因绝对止损（亏损>20%）卖出100%,48.05,死叉,中轨,弱势,因绝对止损（亏损>20%）卖出100%,009645
2024-04-03,1.0306,1.833,-43.78,因绝对止损（亏损>20%）卖出100%,43.01,死叉,中轨,弱势,因绝对止损（亏损>20%）卖出100%,009645
2024-04-08,1.0246,1.833,-44.1,因绝对止损（亏损>20%）卖出100%,41.94,死叉,中轨,弱势,因绝对止损（亏损>20%）卖出100%,009645
2024-04-09,1.0248,1.833,-44.09,因绝对止损（亏损>20%）卖出100%,41.99,死叉,中轨,弱势,因绝对止损（亏损>20%）卖出100%,009645
2024-04-10,0.9976,1.833,-45.58,因绝对止损（亏损>20%）卖出100%,37.14,死叉,中轨,弱势,因绝对止损（亏损>20%）卖出100%,009645
2024-04-11,0.9997,1.833,-45.46,因绝对止损（亏损>20%）卖出100%,37.74,死叉,中轨,弱势,因绝对止损（亏损>20%）卖出100%,009645
2024-04-12,1.0295,1.833,-43.84,因绝对止损（亏损>20%）卖出100%,45.64,死叉,中轨,强势,因绝对止损（亏损>20%）卖出100%,009645
2024-04-15,1.0324,1.833,-43.68,因绝对止损（亏损>20%）卖出100%,46.35,死叉,中轨,弱势,因绝对止损（亏损>20%）卖出100%,009645
2024-04-16,1.0031,1.833,-45.28,因绝对止损（亏损>20%）卖出100%,40.56,死叉,中轨,弱势,因绝对止损（亏损>20%）卖出100%,009645
2024-04-17,1.0411,1.833,-43.2,因绝对止损（亏损>20%）卖出100%,49.39,死叉,中轨,弱势,因绝对止损（亏损>20%）卖出100%,009645
2024-04-18,1.0352,1.833,-43.52,因绝对止损（亏损>20%）卖出100%,48.2,死叉,中轨,弱势,因绝对止损（亏损>20%）卖出100%,009645
2024-04-19,1.004,1.833,-45.23,因绝对止损（亏损>20%）卖出100%,42.35,死叉,中轨,弱势,因绝对止损（亏损>20%）卖出100%,009645
2024-04-22,0.9837,1.833,-46.33,因绝对止损（亏损>20%）卖出100%,39.03,死叉,中轨,强势,因绝对止损（亏损>20%）卖出100%,009645
2024-04-23,0.9929,1.833,-45.83,因绝对止损（亏损>20%）卖出100%,41.28,死叉,中轨,弱势,因绝对止损（亏损>20%）卖出100%,009645
2024-04-24,1.0465,1.833,-42.91,因绝对止损（亏损>20%）卖出100%,52.3,死叉,中轨,强势,因绝对止损（亏损>20%）卖出100%,009645
2024-04-25,1.0387,1.833,-43.33,因绝对止损（亏损>20%）卖出100%,50.8,金叉,中轨,弱势,因绝对止损（亏损>20%）卖出100%,009645
2024-04-26,1.0892,1.833,-40.58,因绝对止损（亏损>20%）卖出100%,58.98,金叉,中轨,弱势,因绝对止损（亏损>20%）卖出100%,009645
2024-04-29,1.1187,1.833,-38.97,因绝对止损（亏损>20%）卖出100%,62.86,金叉,上轨,弱势,因绝对止损（亏损>20%）卖出100%,009645
2024-04-30,1.1091,1.833,-39.49,因绝对止损（亏损>20%）卖出100%,60.84,金叉,中轨,中性,因绝对止损（亏损>20%）卖出100%,009645
2024-05-06,1.1002,1.833,-39.98,因绝对止损（亏损>20%）卖出100%,58.95,金叉,中轨,弱势,因绝对止损（亏损>20%）卖出100%,009645
2024-05-07,1.0778,1.833,-41.2,因绝对止损（亏损>20%）卖出100%,54.38,金叉,中轨,弱势,因绝对止损（亏损>20%）卖出100%,009645
2024-05-08,1.0705,1.833,-41.6,因绝对止损（亏损>20%）卖出100%,52.93,金叉,中轨,弱势,因绝对止损（亏损>20%）卖出100%,009645
2024-05-09,1.08,1.833,-41.08,因绝对止损（亏损>20%）卖出100%,54.62,金叉,中轨,弱势,因绝对止损（亏损>20%）卖出100%,009645
2024-05-10,1.0538,1.833,-42.51,因绝对止损（亏损>20%）卖出100%,49.37,金叉,中轨,弱势,因绝对止损（亏损>20%）卖出100%,009645
2024-05-13,1.0459,1.833,-42.94,因绝对止损（亏损>20%）卖出100%,47.87,金叉,中轨,强势,因绝对止损（亏损>20%）卖出100%,009645
2024-05-14,1.0302,1.833,-43.8,因绝对止损（亏损>20%）卖出100%,44.96,金叉,中轨,强势,因绝对止损（亏损>20%）卖出100%,009645
2024-05-15,1.0395,1.833,-43.29,因绝对止损（亏损>20%）卖出100%,47.01,死叉,中轨,弱势,因绝对止损（亏损>20%）卖出100%,009645
2024-05-16,1.0649,1.833,-41.9,因绝对止损（亏损>20%）卖出100%,52.26,死叉,中轨,弱势,因绝对止损（亏损>20%）卖出100%,009645
2024-05-17,1.0759,1.833,-41.3,因绝对止损（亏损>20%）卖出100%,54.37,死叉,中轨,弱势,因绝对止损（亏损>20%）卖出100%,009645
2024-05-20,1.0983,1.833,-40.08,因绝对止损（亏损>20%）卖出100%,58.4,金叉,中轨,强势,因绝对止损（亏损>20%）卖出100%,009645
2024-05-21,1.0952,1.833,-40.25,因绝对止损（亏损>20%）卖出100%,57.64,金叉,中轨,强势,因绝对止损（亏损>20%）卖出100%,009645
2024-05-22,1.0813,1.833,-41.01,因绝对止损（亏损>20%）卖出100%,54.24,金叉,中轨,弱势,因绝对止损（亏损>20%）卖出100%,009645
2024-05-23,1.0742,1.833,-41.4,因绝对止损（亏损>20%）卖出100%,52.53,金叉,中轨,弱势,因绝对止损（亏损>20%）卖出100%,009645
2024-05-24,1.0395,1.833,-43.29,因绝对止损（亏损>20%）卖出100%,45.07,金叉,中轨,弱势,因绝对止损（亏损>20%）卖出100%,009645
2024-05-27,1.0545,1.833,-42.47,因绝对止损（亏损>20%）卖出100%,48.48,死叉,中轨,弱势,因绝对止损（亏损>20%）卖出100%,009645
2024-05-28,1.0302,1.833,-43.8,因绝对止损（亏损>20%）卖出100%,43.75,死叉,中轨,弱势,因绝对止损（亏损>20%）卖出100%,009645
2024-05-29,1.028,1.833,-43.92,因绝对止损（亏损>20%）卖出100%,43.34,死叉,中轨,弱势,因绝对止损（亏损>20%）卖出100%,009645
2024-05-30,1.03,1.833,-43.81,因绝对止损（亏损>20%）卖出100%,43.85,死叉,中轨,弱势,因绝对止损（亏损>20%）卖出100%,009645
2024-05-31,1.0239,1.833,-44.14,因绝对止损（亏损>20%）卖出100%,42.57,死叉,中轨,弱势,因绝对止损（亏损>20%）卖出100%,009645
2024-06-03,1.0659,1.833,-41.85,因绝对止损（亏损>20%）卖出100%,52.78,死叉,中轨,弱势,因绝对止损（亏损>20%）卖出100%,009645
2024-06-04,1.0729,1.833,-41.47,因绝对止损（亏损>20%）卖出100%,54.25,死叉,中轨,中性,因绝对止损（亏损>20%）卖出100%,009645
2024-06-05,1.0591,1.833,-42.22,因绝对止损（亏损>20%）卖出100%,50.9,死叉,中轨,弱势,因绝对止损（亏损>20%）卖出100%,009645
2024-06-06,1.0812,1.833,-41.01,因绝对止损（亏损>20%）卖出100%,55.62,金叉,中轨,弱势,因绝对止损（亏损>20%）卖出100%,009645
2024-06-07,1.0484,1.833,-42.8,因绝对止损（亏损>20%）卖出100%,48.22,金叉,中轨,弱势,因绝对止损（亏损>20%）卖出100%,009645
2024-06-11,1.0645,1.833,-41.93,因绝对止损（亏损>20%）卖出100%,51.62,金叉,中轨,强势,因绝对止损（亏损>20%）卖出100%,009645
2024-06-12,1.0614,1.833,-42.09,因绝对止损（亏损>20%）卖出100%,50.93,金叉,中轨,弱势,因绝对止损（亏损>20%）卖出100%,009645
2024-06-13,1.0953,1.833,-40.25,因绝对止损（亏损>20%）卖出100%,57.63,金叉,中轨,弱势,因绝对止损（亏损>20%）卖出100%,009645
2024-06-14,1.1629,1.833,-36.56,因绝对止损（亏损>20%）卖出100%,67.25,金叉,中轨,弱势,因绝对止损（亏损>20%）卖出100%,009645
2024-06-17,1.1776,1.833,-35.76,因绝对止损（亏损>20%）卖出100%,68.9,金叉,上轨,弱势,因绝对止损（亏损>20%）卖出100%,009645
2024-06-18,1.1962,1.833,-34.74,因绝对止损（亏损>20%）卖出100%,70.9,金叉,上轨,弱势,因绝对止损（亏损>20%）卖出100%,009645
2024-06-19,1.1855,1.833,-35.32,因绝对止损（亏损>20%）卖出100%,68.19,金叉,中轨,弱势,因绝对止损（亏损>20%）卖出100%,009645
2024-06-20,1.1764,1.833,-35.82,因绝对止损（亏损>20%）卖出100%,65.87,金叉,中轨,强势,因绝对止损（亏损>20%）卖出100%,009645
2024-06-21,1.1838,1.833,-35.42,因绝对止损（亏损>20%）卖出100%,66.86,金叉,中轨,中性,因绝对止损（亏损>20%）卖出100%,009645
2024-06-24,1.1644,1.833,-36.48,因绝对止损（亏损>20%）卖出100%,61.82,金叉,中轨,弱势,因绝对止损（亏损>20%）卖出100%,009645
2024-06-25,1.1234,1.833,-38.71,因绝对止损（亏损>20%）卖出100%,52.78,金叉,中轨,弱势,因绝对止损（亏损>20%）卖出100%,009645
2024-06-26,1.1533,1.833,-37.08,因绝对止损（亏损>20%）卖出100%,57.64,金叉,中轨,中性,因绝对止损（亏损>20%）卖出100%,009645
2024-06-27,1.1213,1.833,-38.83,因绝对止损（亏损>20%）卖出100%,51.52,金叉,中轨,强势,因绝对止损（亏损>20%）卖出100%,009645
2024-06-28,1.1409,1.833,-37.76,因绝对止损（亏损>20%）卖出100%,54.7,死叉,中轨,弱势,因绝对止损（亏损>20%）卖出100%,009645
2024-06-30,1.1407,1.833,-37.77,因绝对止损（亏损>20%）卖出100%,54.66,死叉,中轨,弱势,因绝对止损（亏损>20%）卖出100%,009645
2024-07-01,1.1663,1.833,-36.37,因绝对止损（亏损>20%）卖出100%,58.74,死叉,中轨,弱势,因绝对止损（亏损>20%）卖出100%,009645
2024-07-02,1.1518,1.833,-37.16,因绝对止损（亏损>20%）卖出100%,55.68,死叉,中轨,弱势,因绝对止损（亏损>20%）卖出100%,009645
2024-07-03,1.1413,1.833,-37.74,因绝对止损（亏损>20%）卖出100%,53.51,死叉,中轨,弱势,因绝对止损（亏损>20%）卖出100%,009645
2024-07-04,1.1414,1.833,-37.73,因绝对止损（亏损>20%）卖出100%,53.53,死叉,中轨,弱势,因绝对止损（亏损>20%）卖出100%,009645
2024-07-05,1.1434,1.833,-37.62,因绝对止损（亏损>20%）卖出100%,53.92,死叉,中轨,强势,因绝对止损（亏损>20%）卖出100%,009645
2024-07-08,1.141,1.833,-37.75,因绝对止损（亏损>20%）卖出100%,53.33,死叉,中轨,强势,因绝对止损（亏损>20%）卖出100%,009645
2024-07-09,1.2068,1.833,-34.16,因绝对止损（亏损>20%）卖出100%,64.72,死叉,中轨,弱势,因绝对止损（亏损>20%）卖出100%,009645
2024-07-10,1.2379,1.833,-32.47,因绝对止损（亏损>20%）卖出100%,68.62,金叉,中轨,弱势,因绝对止损（亏损>20%）卖出100%,009645
2024-07-11,1.233,1.833,-32.73,因绝对止损（亏损>20%）卖出100%,67.35,金叉,上轨,强势,因绝对止损（亏损>20%）卖出100%,009645
2024-07-12,1.2073,1.833,-34.14,因绝对止损（亏损>20%）卖出100%,61.01,金叉,中轨,中性,因绝对止损（亏损>20%）卖出100%,009645
2024-07-15,1.2018,1.833,-34.44,因绝对止损（亏损>20%）卖出100%,59.72,金叉,中轨,弱势,因绝对止损（亏损>20%）卖出100%,009645
2024-07-16,1.2361,1.833,-32.56,因绝对止损（亏损>20%）卖出100%,64.75,金叉,中轨,弱势,因绝对止损（亏损>20%）卖出100%,009645
2024-07-17,1.1768,1.833,-35.8,因绝对止损（亏损>20%）卖出100%,52.54,金叉,中轨,弱势,因绝对止损（亏损>20%）卖出100%,009645
2024-07-18,1.1683,1.833,-36.26,因绝对止损（亏损>20%）卖出100%,51.05,金叉,中轨,弱势,因绝对止损（亏损>20%）卖出100%,009645
2024-07-19,1.1442,1.833,-37.58,因绝对止损（亏损>20%）卖出100%,46.99,死叉,中轨,弱势,因绝对止损（亏损>20%）卖出100%,009645
2024-07-22,1.154,1.833,-37.04,因绝对止损（亏损>20%）卖出100%,48.78,死叉,中轨,弱势,因绝对止损（亏损>20%）卖出100%,009645
2024-07-23,1.1298,1.833,-38.36,因绝对止损（亏损>20%）卖出100%,44.77,死叉,中轨,强势,因绝对止损（亏损>20%）卖出100%,009645
2024-07-24,1.1222,1.833,-38.78,因绝对止损（亏损>20%）卖出100%,43.56,死叉,中轨,弱势,因绝对止损（亏损>20%）卖出100%,009645
2024-07-25,1.0755,1.833,-41.33,因绝对止损（亏损>20%）卖出100%,36.95,死叉,中轨,弱势,因绝对止损（亏损>20%）卖出100%,009645
2024-07-26,1.0936,1.833,-40.34,因绝对止损（亏损>20%）卖出100%,40.71,死叉,中轨,弱势,因绝对止损（亏损>20%）卖出100%,009645
2024-07-29,1.1162,1.833,-39.11,因绝对止损（亏损>20%）卖出100%,45.1,死叉,中轨,弱势,因绝对止损（亏损>20%）卖出100%,009645
2024-07-30,1.0969,1.833,-40.16,因绝对止损（亏损>20%）卖出100%,42.22,死叉,中轨,弱势,因绝对止损（亏损>20%）卖出100%,009645
2024-07-31,1.1221,1.833,-38.78,因绝对止损（亏损>20%）卖出100%,46.98,死叉,中轨,弱势,因绝对止损（亏损>20%）卖出100%,009645
2024-08-01,1.1305,1.833,-38.33,因绝对止损（亏损>20%）卖出100%,48.5,死叉,中轨,弱势,因绝对止损（亏损>20%）卖出100%,009645
2024-08-02,1.0657,1.833,-41.86,因绝对止损（亏损>20%）卖出100%,39.16,死叉,中轨,弱势,因绝对止损（亏损>20%）卖出100%,009645
2024-08-05,0.9903,1.833,-45.97,因绝对止损（亏损>20%）卖出100%,31.55,死叉,中轨,弱势,因绝对止损（亏损>20%）卖出100%,009645
2024-08-06,1.0163,1.833,-44.56,因绝对止损（亏损>20%）卖出100%,36.16,死叉,中轨,强势,因绝对止损（亏损>20%）卖出100%,009645
2024-08-07,1.0065,1.833,-45.09,因绝对止损（亏损>20%）卖出100%,35.2,死叉,中轨,弱势,因绝对止损（亏损>20%）卖出100%,009645
2024-08-08,1.0005,1.833,-45.42,因绝对止损（亏损>20%）卖出100%,34.59,死叉,中轨,强势,因绝对止损（亏损>20%）卖出100%,009645
2024-08-09,1.0228,1.833,-44.2,因绝对止损（亏损>20%）卖出100%,38.81,死叉,中轨,弱势,因绝对止损（亏损>20%）卖出100%,009645
2024-08-12,1.0314,1.833,-43.73,因绝对止损（亏损>20%）卖出100%,40.41,死叉,中轨,弱势,因绝对止损（亏损>20%）卖出100%,009645
2024-08-13,1.0494,1.833,-42.75,因绝对止损（亏损>20%）卖出100%,43.72,死叉,中轨,弱势,因绝对止损（亏损>20%）卖出100%,009645
2024-08-14,1.0361,1.833,-43.48,因绝对止损（亏损>20%）卖出100%,41.87,死叉,中轨,弱势,因绝对止损（亏损>20%）卖出100%,009645
2024-08-15,1.0313,1.833,-43.74,因绝对止损（亏损>20%）卖出100%,41.19,死叉,中轨,弱势,因绝对止损（亏损>20%）卖出100%,009645
2024-08-16,1.0545,1.833,-42.47,因绝对止损（亏损>20%）卖出100%,45.76,金叉,中轨,弱势,因绝对止损（亏损>20%）卖出100%,009645
2024-08-19,1.0511,1.833,-42.66,因绝对止损（亏损>20%）卖出100%,45.21,金叉,中轨,弱势,因绝对止损（亏损>20%）卖出100%,009645
2024-08-20,1.0438,1.833,-43.06,因绝对止损（亏损>20%）卖出100%,43.98,金叉,中轨,弱势,因绝对止损（亏损>20%）卖出100%,009645
2024-08-21,1.0607,1.833,-42.13,因绝对止损（亏损>20%）卖出100%,47.54,金叉,中轨,弱势,因绝对止损（亏损>20%）卖出100%,009645
2024-08-22,1.0585,1.833,-42.25,因绝对止损（亏损>20%）卖出100%,47.12,金叉,中轨,弱势,因绝对止损（亏损>20%）卖出100%,009645
2024-08-23,1.0471,1.833,-42.88,因绝对止损（亏损>20%）卖出100%,44.9,金叉,中轨,弱势,因绝对止损（亏损>20%）卖出100%,009645
2024-08-26,1.029,1.833,-43.86,因绝对止损（亏损>20%）卖出100%,41.56,金叉,中轨,强势,因绝对止损（亏损>20%）卖出100%,009645
2024-08-27,1.0088,1.833,-44.96,因绝对止损（亏损>20%）卖出100%,38.15,金叉,中轨,弱势,因绝对止损（亏损>20%）卖出100%,009645
2024-08-28,1.0101,1.833,-44.89,因绝对止损（亏损>20%）卖出100%,38.5,金叉,中轨,中性,因绝对止损（亏损>20%）卖出100%,009645
2024-08-29,0.9971,1.833,-45.6,因绝对止损（亏损>20%）卖出100%,36.29,金叉,中轨,弱势,因绝对止损（亏损>20%）卖出100%,009645
2024-08-30,1.0407,1.833,-43.22,因绝对止损（亏损>20%）卖出100%,47.23,金叉,中轨,弱势,因绝对止损（亏损>20%）卖出100%,009645
2024-09-02,1.0045,1.833,-45.2,因绝对止损（亏损>20%）卖出100%,40.94,金叉,中轨,弱势,因绝对止损（亏损>20%）卖出100%,009645
2024-09-03,1.0056,1.833,-45.14,因绝对止损（亏损>20%）卖出100%,41.2,金叉,中轨,弱势,因绝对止损（亏损>20%）卖出100%,009645
2024-09-04,0.9773,1.833,-46.68,因绝对止损（亏损>20%）卖出100%,36.78,金叉,中轨,弱势,因绝对止损（亏损>20%）卖出100%,009645
2024-09-05,0.9792,1.833,-46.58,因绝对止损（亏损>20%）卖出100%,37.27,死叉,中轨,弱势,因绝对止损（亏损>20%）卖出100%,009645
2024-09-06,0.9487,1.833,-48.24,因绝对止损（亏损>20%）卖出100%,32.89,死叉,中轨,弱势,因绝对止损（亏损>20%）卖出100%,009645
2024-09-09,0.9505,1.833,-48.15,因绝对止损（亏损>20%）卖出100%,33.39,死叉,中轨,弱势,因绝对止损（亏损>20%）卖出100%,009645
2024-09-10,0.9617,1.833,-47.53,因绝对止损（亏损>20%）卖出100%,36.54,死叉,中轨,弱势,因绝对止损（亏损>20%）卖出100%,009645
2024-09-11,0.9533,1.833,-47.99,因绝对止损（亏损>20%）卖出100%,35.19,死叉,中轨,弱势,因绝对止损（亏损>20%）卖出100%,009645
2024-09-12,0.9517,1.833,-48.08,因绝对止损（亏损>20%）卖出100%,34.93,死叉,中轨,弱势,因绝对止损（亏损>20%）卖出100%,009645
2024-09-13,0.9826,1.833,-46.39,因绝对止损（亏损>20%）卖出100%,43.7,死叉,中轨,弱势,因绝对止损（亏损>20%）卖出100%,009645
2024-09-18,0.9622,1.833,-47.51,因绝对止损（亏损>20%）卖出100%,39.88,金叉,中轨,弱势,因绝对止损（亏损>20%）卖出100%,009645
2024-09-19,0.9456,1.833,-48.41,因绝对止损（亏损>20%）卖出100%,37.04,金叉,中轨,弱势,因绝对止损（亏损>20%）卖出100%,009645
2024-09-20,0.9454,1.833,-48.42,因绝对止损（亏损>20%）卖出100%,37.01,死叉,中轨,强势,因绝对止损（亏损>20%）卖出100%,009645
2024-09-23,0.9422,1.833,-48.6,因绝对止损（亏损>20%）卖出100%,36.43,死叉,中轨,弱势,因绝对止损（亏损>20%）卖出100%,009645
2024-09-24,1.0084,1.833,-44.99,因绝对止损（亏损>20%）卖出100%,52.86,金叉,中轨,强势,因绝对止损（亏损>20%）卖出100%,009645
2024-09-25,0.9993,1.833,-45.48,因绝对止损（亏损>20%）卖出100%,50.92,金叉,中轨,强势,因绝对止损（亏损>20%）卖出100%,009645
2024-09-26,1.0242,1.833,-44.12,因绝对止损（亏损>20%）卖出100%,55.73,金叉,中轨,弱势,因绝对止损（亏损>20%）卖出100%,009645
2024-09-27,1.0791,1.833,-41.13,因绝对止损（亏损>20%）卖出100%,64.08,金叉,中轨,弱势,因绝对止损（亏损>20%）卖出100%,009645
2024-09-30,1.2051,1.833,-34.26,因绝对止损（亏损>20%）卖出100%,75.51,金叉,上轨,弱势,因绝对止损（亏损>20%）卖出100%,009645
2024-10-08,1.3589,1.833,-25.86,因绝对止损（亏损>20%）卖出100%,82.73,金叉,上轨,弱势,因绝对止损（亏损>20%）卖出100%,009645
2024-10-09,1.2669,1.833,-30.88,因绝对止损（亏损>20%）卖出100%,69.52,金叉,上轨,弱势,因绝对止损（亏损>20%）卖出100%,009645
2024-10-10,1.2571,1.833,-31.42,因绝对止损（亏损>20%）卖出100%,68.27,金叉,中轨,弱势,因绝对止损（亏损>20%）卖出100%,009645
2024-10-11,1.2135,1.833,-33.8,因绝对止损（亏损>20%）卖出100%,62.86,金叉,中轨,弱势,因绝对止损（亏损>20%）卖出100%,009645
2024-10-14,1.2565,1.833,-31.45,因绝对止损（亏损>20%）卖出100%,65.74,金叉,中轨,强势,因绝对止损（亏损>20%）卖出100%,009645
2024-10-15,1.2258,1.833,-33.13,因绝对止损（亏损>20%）卖出100%,62.04,金叉,中轨,强势,因绝对止损（亏损>20%）卖出100%,009645
2024-10-16,1.181,1.833,-35.57,因绝对止损（亏损>20%）卖出100%,56.99,金叉,中轨,强势,因绝对止损（亏损>20%）卖出100%,009645
2024-10-17,1.1987,1.833,-34.6,因绝对止损（亏损>20%）卖出100%,58.43,金叉,中轨,弱势,因绝对止损（亏损>20%）卖出100%,009645
2024-10-18,1.2958,1.833,-29.31,因绝对止损（亏损>20%）卖出100%,65.29,金叉,中轨,弱势,因绝对止损（亏损>20%）卖出100%,009645
2024-10-21,1.3147,1.833,-28.28,因绝对止损（亏损>20%）卖出100%,66.45,金叉,中轨,弱势,因绝对止损（亏损>20%）卖出100%,009645
2024-10-22,1.3398,1.833,-26.91,因绝对止损（亏损>20%）卖出100%,67.98,金叉,中轨,弱势,因绝对止损（亏损>20%）卖出100%,009645
2024-10-23,1.299,1.833,-29.13,因绝对止损（亏损>20%）卖出100%,62.95,金叉,中轨,弱势,因绝对止损（亏损>20%）卖出100%,009645
2024-10-24,1.3098,1.833,-28.54,因绝对止损（亏损>20%）卖出100%,63.72,金叉,中轨,弱势,因绝对止损（亏损>20%）卖出100%,009645
2024-10-25,1.3181,1.833,-28.09,因绝对止损（亏损>20%）卖出100%,64.33,金叉,中轨,弱势,因绝对止损（亏损>20%）卖出100%,009645
2024-10-28,1.2933,1.833,-29.44,因绝对止损（亏损>20%）卖出100%,61.03,金叉,中轨,弱势,因绝对止损（亏损>20%）卖出100%,009645
2024-10-29,1.2962,1.833,-29.29,因绝对止损（亏损>20%）卖出100%,61.28,金叉,中轨,强势,因绝对止损（亏损>20%）卖出100%,009645
2024-10-30,1.2994,1.833,-29.11,因绝对止损（亏损>20%）卖出100%,61.57,金叉,中轨,中性,因绝对止损（亏损>20%）卖出100%,009645
2024-10-31,1.3138,1.833,-28.33,因绝对止损（亏损>20%）卖出100%,62.93,死叉,中轨,强势,因绝对止损（亏损>20%）卖出100%,009645
2024-11-01,1.2722,1.833,-30.59,因绝对止损（亏损>20%）卖出100%,56.69,死叉,中轨,弱势,因绝对止损（亏损>20%）卖出100%,009645
2024-11-04,1.2864,1.833,-29.82,因绝对止损（亏损>20%）卖出100%,58.21,死叉,中轨,弱势,因绝对止损（亏损>20%）卖出100%,009645
2024-11-05,1.3288,1.833,-27.51,因绝对止损（亏损>20%）卖出100%,62.46,死叉,中轨,弱势,因绝对止损（亏损>20%）卖出100%,009645
2024-11-06,1.3008,1.833,-29.03,因绝对止损（亏损>20%）卖出100%,58.25,死叉,中轨,弱势,因绝对止损（亏损>20%）卖出100%,009645
2024-11-07,1.2983,1.833,-29.17,因绝对止损（亏损>20%）卖出100%,57.87,死叉,中轨,强势,因绝对止损（亏损>20%）卖出100%,009645
2024-11-08,1.3048,1.833,-28.82,因绝对止损（亏损>20%）卖出100%,58.62,死叉,中轨,弱势,因绝对止损（亏损>20%）卖出100%,009645
2024-11-11,1.3334,1.833,-27.26,因绝对止损（亏损>20%）卖出100%,61.82,死叉,中轨,中性,因绝对止损（亏损>20%）卖出100%,009645
2024-11-12,1.3232,1.833,-27.81,因绝对止损（亏损>20%）卖出100%,60.04,死叉,中轨,弱势,因绝对止损（亏损>20%）卖出100%,009645
2024-11-13,1.3309,1.833,-27.39,因绝对止损（亏损>20%）卖出100%,60.95,死叉,中轨,弱势,因绝对止损（亏损>20%）卖出100%,009645
2024-11-14,1.2854,1.833,-29.87,因绝对止损（亏损>20%）卖出100%,53.19,死叉,中轨,弱势,因绝对止损（亏损>20%）卖出100%,009645
2024-11-15,1.2544,1.833,-31.57,因绝对止损（亏损>20%）卖出100%,48.64,死叉,中轨,弱势,因绝对止损（亏损>20%）卖出100%,009645
2024-11-18,1.2026,1.833,-34.39,因绝对止损（亏损>20%）卖出100%,42.16,死叉,下轨,弱势,因绝对止损（亏损>20%）卖出100%,009645
2024-11-19,1.2298,1.833,-32.91,因绝对止损（亏损>20%）卖出100%,46.21,死叉,中轨,弱势,因绝对止损（亏损>20%）卖出100%,009645
2024-11-20,1.2392,1.833,-32.39,因绝对止损（亏损>20%）卖出100%,47.58,死叉,中轨,弱势,因绝对止损（亏损>20%）卖出100%,009645
2024-11-21,1.2499,1.833,-31.81,因绝对止损（亏损>20%）卖出100%,49.17,死叉,中轨,弱势,因绝对止损（亏损>20%）卖出100%,009645
2024-11-22,1.2131,1.833,-33.82,因绝对止损（亏损>20%）卖出100%,44.21,死叉,中轨,弱势,因绝对止损（亏损>20%）卖出100%,009645
2024-11-25,1.2071,1.833,-34.15,因绝对止损（亏损>20%）卖出100%,43.45,死叉,中轨,强势,因绝对止损（亏损>20%）卖出100%,009645
2024-11-26,1.2003,1.833,-34.52,因绝对止损（亏损>20%）卖出100%,42.54,死叉,中轨,弱势,因绝对止损（亏损>20%）卖出100%,009645
2024-11-27,1.2349,1.833,-32.63,因绝对止损（亏损>20%）卖出100%,48.41,死叉,中轨,弱势,因绝对止损（亏损>20%）卖出100%,009645
2024-11-28,1.231,1.833,-32.84,因绝对止损（亏损>20%）卖出100%,47.82,死叉,中轨,弱势,因绝对止损（亏损>20%）卖出100%,009645
2024-11-29,1.2618,1.833,-31.16,因绝对止损（亏损>20%）卖出100%,52.74,死叉,中轨,弱势,因绝对止损（亏损>20%）卖出100%,009645
2024-12-02,1.2648,1.833,-31.0,因绝对止损（亏损>20%）卖出100%,53.21,死叉,中轨,弱势,因绝对止损（亏损>20%）卖出100%,009645
2024-12-03,1.2481,1.833,-31.91,因绝对止损（亏损>20%）卖出100%,50.25,死叉,中轨,弱势,因绝对止损（亏损>20%）卖出100%,009645
2024-12-04,1.2272,1.833,-33.05,因绝对止损（亏损>20%）卖出100%,46.76,死叉,中轨,中性,因绝对止损（亏损>20%）卖出100%,009645
2024-12-05,1.2393,1.833,-32.39,因绝对止损（亏损>20%）卖出100%,48.97,死叉,中轨,弱势,因绝对止损（亏损>20%）卖出100%,009645
2024-12-06,1.2391,1.833,-32.4,因绝对止损（亏损>20%）卖出100%,48.94,死叉,中轨,弱势,因绝对止损（亏损>20%）卖出100%,009645
2024-12-09,1.226,1.833,-33.12,因绝对止损（亏损>20%）卖出100%,46.51,死叉,中轨,弱势,因绝对止损（亏损>20%）卖出100%,009645
2024-12-10,1.2358,1.833,-32.58,因绝对止损（亏损>20%）卖出100%,48.56,死叉,中轨,弱势,因绝对止损（亏损>20%）卖出100%,009645
2024-12-11,1.2428,1.833,-32.2,因绝对止损（亏损>20%）卖出100%,50.04,死叉,中轨,中性,因绝对止损（亏损>20%）卖出100%,009645
2024-12-12,1.2447,1.833,-32.09,因绝对止损（亏损>20%）卖出100%,50.46,死叉,中轨,中性,因绝对止损（亏损>20%）卖出100%,009645
2024-12-13,1.2176,1.833,-33.57,因绝对止损（亏损>20%）卖出100%,44.74,死叉,中轨,弱势,因绝对止损（亏损>20%）卖出100%,009645
2024-12-16,1.1843,1.833,-35.39,因绝对止损（亏损>20%）卖出100%,38.91,死叉,中轨,中性,因绝对止损（亏损>20%）卖出100%,009645
2024-12-17,1.1688,1.833,-36.24,因绝对止损（亏损>20%）卖出100%,36.52,死叉,下轨,中性,因绝对止损（亏损>20%）卖出100%,009645
2024-12-18,1.1929,1.833,-34.92,因绝对止损（亏损>20%）卖出100%,42.43,死叉,中轨,中性,因绝对止损（亏损>20%）卖出100%,009645
2024-12-19,1.2076,1.833,-34.12,因绝对止损（亏损>20%）卖出100%,45.75,死叉,中轨,弱势,因绝对止损（亏损>20%）卖出100%,009645
2024-12-20,1.2326,1.833,-32.76,因绝对止损（亏损>20%）卖出100%,50.93,死叉,中轨,弱势,因绝对止损（亏损>20%）卖出100%,009645
2024-12-23,1.196,1.833,-34.75,因绝对止损（亏损>20%）卖出100%,44.27,死叉,中轨,强势,因绝对止损（亏损>20%）卖出100%,009645
2024-12-24,1.2115,1.833,-33.91,因绝对止损（亏损>20%）卖出100%,47.41,死叉,中轨,弱势,因绝对止损（亏损>20%）卖出100%,009645
2024-12-25,1.2049,1.833,-34.27,因绝对止损（亏损>20%）卖出100%,46.21,死叉,中轨,弱势,因绝对止损（亏损>20%）卖出100%,009645
2024-12-26,1.226,1.833,-33.12,因绝对止损（亏损>20%）卖出100%,50.5,金叉,中轨,强势,因绝对止损（亏损>20%）卖出100%,009645
2024-12-27,1.2053,1.833,-34.24,因绝对止损（亏损>20%）卖出100%,46.58,金叉,中轨,强势,因绝对止损（亏损>20%）卖出100%,009645
2024-12-30,1.1899,1.833,-35.08,因绝对止损（亏损>20%）卖出100%,43.85,金叉,中轨,弱势,因绝对止损（亏损>20%）卖出100%,009645
2024-12-31,1.1488,1.833,-37.33,因绝对止损（亏损>20%）卖出100%,37.52,死叉,中轨,弱势,因绝对止损（亏损>20%）卖出100%,009645
2025-01-02,1.1062,1.833,-39.65,因绝对止损（亏损>20%）卖出100%,32.32,死叉,下轨,弱势,因绝对止损（亏损>20%）卖出100%,009645
2025-01-03,1.0769,1.833,-41.25,因绝对止损（亏损>20%）卖出100%,29.31,死叉,下轨,弱势,因绝对止损（亏损>20%）卖出100%,009645
2025-01-06,1.065,1.833,-41.9,因绝对止损（亏损>20%）卖出100%,28.16,死叉,下轨,弱势,因绝对止损（亏损>20%）卖出100%,009645
2025-01-07,1.1181,1.833,-39.0,因绝对止损（亏损>20%）卖出100%,39.54,死叉,中轨,强势,因绝对止损（亏损>20%）卖出100%,009645
2025-01-08,1.1307,1.833,-38.31,因绝对止损（亏损>20%）卖出100%,41.89,死叉,中轨,弱势,因绝对止损（亏损>20%）卖出100%,009645
2025-01-09,1.1482,1.833,-37.36,因绝对止损（亏损>20%）卖出100%,45.08,死叉,中轨,强势,因绝对止损（亏损>20%）卖出100%,009645
2025-01-10,1.1209,1.833,-38.85,因绝对止损（亏损>20%）卖出100%,41.27,死叉,中轨,弱势,因绝对止损（亏损>20%）卖出100%,009645
2025-01-13,1.1071,1.833,-39.6,因绝对止损（亏损>20%）卖出100%,39.46,死叉,中轨,弱势,因绝对止损（亏损>20%）卖出100%,009645
2025-01-14,1.164,1.833,-36.5,因绝对止损（亏损>20%）卖出100%,49.35,金叉,中轨,弱势,因绝对止损（亏损>20%）卖出100%,009645
2025-01-15,1.1656,1.833,-36.41,因绝对止损（亏损>20%）卖出100%,49.6,金叉,中轨,弱势,因绝对止损（亏损>20%）卖出100%,009645
2025-01-16,1.1457,1.833,-37.5,因绝对止损（亏损>20%）卖出100%,46.53,金叉,中轨,弱势,因绝对止损（亏损>20%）卖出100%,009645
2025-01-17,1.1767,1.833,-35.8,因绝对止损（亏损>20%）卖出100%,51.56,金叉,中轨,弱势,因绝对止损（亏损>20%）卖出100%,009645
2025-01-20,1.1863,1.833,-35.28,因绝对止损（亏损>20%）卖出100%,53.03,金叉,中轨,中性,因绝对止损（亏损>20%）卖出100%,009645
2025-01-21,1.2283,1.833,-32.99,因绝对止损（亏损>20%）卖出100%,58.92,金叉,中轨,弱势,因绝对止损（亏损>20%）卖出100%,009645
2025-01-22,1.2431,1.833,-32.18,因绝对止损（亏损>20%）卖出100%,60.78,金叉,中轨,弱势,因绝对止损（亏损>20%）卖出100%,009645
2025-01-23,1.2184,1.833,-33.53,因绝对止损（亏损>20%）卖出100%,56.2,金叉,中轨,弱势,因绝对止损（亏损>20%）卖出100%,009645
2025-01-24,1.2434,1.833,-32.17,因绝对止损（亏损>20%）卖出100%,59.53,金叉,中轨,弱势,因绝对止损（亏损>20%）卖出100%,009645
2025-01-27,1.2125,1.833,-33.85,因绝对止损（亏损>20%）卖出100%,54.06,金叉,中轨,中性,因绝对止损（亏损>20%）卖出100%,009645
2025-02-05,1.2121,1.833,-33.87,因绝对止损（亏损>20%）卖出100%,53.99,金叉,中轨,强势,因绝对止损（亏损>20%）卖出100%,009645
2025-02-06,1.2603,1.833,-31.24,因绝对止损（亏损>20%）卖出100%,60.54,金叉,中轨,强势,因绝对止损（亏损>20%）卖出100%,009645
2025-02-07,1.2686,1.833,-30.79,因绝对止损（亏损>20%）卖出100%,61.55,金叉,中轨,弱势,因绝对止损（亏损>20%）卖出100%,009645
2025-02-10,1.2745,1.833,-30.47,因绝对止损（亏损>20%）卖出100%,62.29,金叉,中轨,弱势,因绝对止损（亏损>20%）卖出100%,009645
2025-02-11,1.2663,1.833,-30.92,因绝对止损（亏损>20%）卖出100%,60.55,金叉,中轨,弱势,因绝对止损（亏损>20%）卖出100%,009645
2025-02-12,1.2938,1.833,-29.42,因绝对止损（亏损>20%）卖出100%,64.18,金叉,中轨,弱势,因绝对止损（亏损>20%）卖出100%,009645
2025-02-13,1.2386,1.833,-32.43,因绝对止损（亏损>20%）卖出100%,53.52,金叉,中轨,弱势,因绝对止损（亏损>20%）卖出100%,009645
2025-02-14,1.2384,1.833,-32.44,因绝对止损（亏损>20%）卖出100%,53.49,金叉,中轨,弱势,因绝对止损（亏损>20%）卖出100%,009645
2025-02-17,1.2744,1.833,-30.47,因绝对止损（亏损>20%）卖出100%,58.67,金叉,中轨,弱势,因绝对止损（亏损>20%）卖出100%,009645
2025-02-18,1.2356,1.833,-32.59,因绝对止损（亏损>20%）卖出100%,51.95,金叉,中轨,弱势,因绝对止损（亏损>20%）卖出100%,009645
2025-02-19,1.2683,1.833,-30.81,因绝对止损（亏损>20%）卖出100%,56.48,金叉,中轨,弱势,因绝对止损（亏损>20%）卖出100%,009645
2025-02-20,1.2682,1.833,-30.81,因绝对止损（亏损>20%）卖出100%,56.46,金叉,中轨,弱势,因绝对止损（亏损>20%）卖出100%,009645
2025-02-21,1.348,1.833,-26.46,因绝对止损（亏损>20%）卖出100%,65.62,金叉,中轨,弱势,因绝对止损（亏损>20%）卖出100%,009645
2025-02-24,1.3443,1.833,-26.66,因绝对止损（亏损>20%）卖出100%,64.94,金叉,上轨,弱势,因绝对止损（亏损>20%）卖出100%,009645
2025-02-25,1.3309,1.833,-27.39,因绝对止损（亏损>20%）卖出100%,62.41,金叉,中轨,弱势,因绝对止损（亏损>20%）卖出100%,009645
2025-02-26,1.3445,1.833,-26.65,因绝对止损（亏损>20%）卖出100%,63.95,金叉,中轨,弱势,因绝对止损（亏损>20%）卖出100%,009645
2025-02-27,1.3154,1.833,-28.24,因绝对止损（亏损>20%）卖出100%,58.44,金叉,中轨,弱势,因绝对止损（亏损>20%）卖出100%,009645
2025-02-28,1.2512,1.833,-31.74,因绝对止损（亏损>20%）卖出100%,48.52,金叉,中轨,弱势,因绝对止损（亏损>20%）卖出100%,009645
2025-03-03,1.2389,1.833,-32.41,因绝对止损（亏损>20%）卖出100%,46.88,死叉,中轨,弱势,因绝对止损（亏损>20%）卖出100%,009645
2025-03-04,1.2528,1.833,-31.65,因绝对止损（亏损>20%）卖出100%,48.98,死叉,中轨,强势,因绝对止损（亏损>20%）卖出100%,009645
2025-03-05,1.2804,1.833,-30.15,因绝对止损（亏损>20%）卖出100%,52.96,死叉,中轨,弱势,因绝对止损（亏损>20%）卖出100%,009645
2025-03-06,1.3299,1.833,-27.45,因绝对止损（亏损>20%）卖出100%,59.12,死叉,中轨,中性,因绝对止损（亏损>20%）卖出100%,009645
2025-03-07,1.3162,1.833,-28.19,因绝对止损（亏损>20%）卖出100%,56.9,死叉,中轨,弱势,因绝对止损（亏损>20%）卖出100%,009645
2025-03-10,1.3112,1.833,-28.47,因绝对止损（亏损>20%）卖出100%,56.07,死叉,中轨,弱势,因绝对止损（亏损>20%）卖出100%,009645
2025-03-11,1.3105,1.833,-28.51,因绝对止损（亏损>20%）卖出100%,55.95,死叉,中轨,弱势,因绝对止损（亏损>20%）卖出100%,009645
2025-03-12,1.3155,1.833,-28.23,因绝对止损（亏损>20%）卖出100%,56.68,死叉,中轨,弱势,因绝对止损（亏损>20%）卖出100%,009645
2025-03-13,1.2895,1.833,-29.65,因绝对止损（亏损>20%）卖出100%,51.87,死叉,中轨,弱势,因绝对止损（亏损>20%）卖出100%,009645
2025-03-14,1.3253,1.833,-27.7,因绝对止损（亏损>20%）卖出100%,57.25,死叉,中轨,弱势,因绝对止损（亏损>20%）卖出100%,009645
2025-03-17,1.3278,1.833,-27.56,因绝对止损（亏损>20%）卖出100%,57.6,死叉,中轨,中性,因绝对止损（亏损>20%）卖出100%,009645
2025-03-18,1.3374,1.833,-27.04,因绝对止损（亏损>20%）卖出100%,59.02,金叉,中轨,弱势,因绝对止损（亏损>20%）卖出100%,009645
2025-03-19,1.3089,1.833,-28.59,因绝对止损（亏损>20%）卖出100%,53.33,金叉,中轨,弱势,因绝对止损（亏损>20%）卖出100%,009645
2025-03-20,1.29,1.833,-29.62,因绝对止损（亏损>20%）卖出100%,49.9,死叉,中轨,弱势,因绝对止损（亏损>20%）卖出100%,009645
2025-03-21,1.2502,1.833,-31.79,因绝对止损（亏损>20%）卖出100%,43.55,死叉,中轨,弱势,因绝对止损（亏损>20%）卖出100%,009645
2025-03-24,1.2712,1.833,-30.65,因绝对止损（亏损>20%）卖出100%,47.36,死叉,中轨,弱势,因绝对止损（亏损>20%）卖出100%,009645
2025-03-25,1.2332,1.833,-32.72,因绝对止损（亏损>20%）卖出100%,41.86,死叉,中轨,强势,因绝对止损（亏损>20%）卖出100%,009645
2025-03-26,1.2382,1.833,-32.45,因绝对止损（亏损>20%）卖出100%,42.8,死叉,中轨,强势,因绝对止损（亏损>20%）卖出100%,009645
2025-03-27,1.232,1.833,-32.79,因绝对止损（亏损>20%）卖出100%,41.89,死叉,中轨,强势,因绝对止损（亏损>20%）卖出100%,009645
2025-03-28,1.2208,1.833,-33.4,因绝对止损（亏损>20%）卖出100%,40.24,死叉,中轨,强势,因绝对止损（亏损>20%）卖出100%,009645
2025-03-31,1.2401,1.833,-32.35,因绝对止损（亏损>20%）卖出100%,44.32,死叉,中轨,中性,因绝对止损（亏损>20%）卖出100%,009645
2025-04-01,1.2309,1.833,-32.85,因绝对止损（亏损>20%）卖出100%,42.82,死叉,中轨,强势,因绝对止损（亏损>20%）卖出100%,009645
2025-04-02,1.2335,1.833,-32.71,因绝对止损（亏损>20%）卖出100%,43.4,死叉,中轨,强势,因绝对止损（亏损>20%）卖出100%,009645
2025-04-03,1.203,1.833,-34.37,因绝对止损（亏损>20%）卖出100%,38.44,死叉,中轨,中性,因绝对止损（亏损>20%）卖出100%,009645
2025-04-07,1.0794,1.833,-41.11,因绝对止损（亏损>20%）卖出100%,25.65,死叉,中轨,强势,因绝对止损（亏损>20%）卖出100%,009645
2025-04-08,1.059,1.833,-42.23,因绝对止损（亏损>20%）卖出100%,24.22,死叉,下轨,强势,因绝对止损（亏损>20%）卖出100%,009645
2025-04-09,1.0982,1.833,-40.09,因绝对止损（亏损>20%）卖出100%,32.07,死叉,中轨,强势,因绝对止损（亏损>20%）卖出100%,009645
2025-04-10,1.1304,1.833,-38.33,因绝对止损（亏损>20%）卖出100%,37.77,死叉,中轨,强势,因绝对止损（亏损>20%）卖出100%,009645
2025-04-11,1.163,1.833,-36.55,因绝对止损（亏损>20%）卖出100%,42.99,死叉,中轨,弱势,因绝对止损（亏损>20%）卖出100%,009645
2025-04-14,1.1667,1.833,-36.35,因绝对止损（亏损>20%）卖出100%,43.57,死叉,中轨,强势,因绝对止损（亏损>20%）卖出100%,009645
2025-04-15,1.1647,1.833,-36.46,因绝对止损（亏损>20%）卖出100%,43.31,死叉,中轨,强势,因绝对止损（亏损>20%）卖出100%,009645
2025-04-16,1.161,1.833,-36.66,因绝对止损（亏损>20%）卖出100%,42.81,死叉,中轨,强势,因绝对止损（亏损>20%）卖出100%,009645
2025-04-17,1.1655,1.833,-36.42,因绝对止损（亏损>20%）卖出100%,43.66,金叉,中轨,强势,因绝对止损（亏损>20%）卖出100%,009645
2025-04-18,1.1628,1.833,-36.56,因绝对止损（亏损>20%）卖出100%,43.25,金叉,中轨,强势,因绝对止损（亏损>20%）卖出100%,009645
2025-04-21,1.178,1.833,-35.73,因绝对止损（亏损>20%）卖出100%,46.35,金叉,中轨,强势,因绝对止损（亏损>20%）卖出100%,009645
2025-04-22,1.1531,1.833,-37.09,因绝对止损（亏损>20%）卖出100%,42.27,金叉,中轨,强势,因绝对止损（亏损>20%）卖出100%,009645
2025-04-23,1.1696,1.833,-36.19,因绝对止损（亏损>20%）卖出100%,45.68,金叉,中轨,强势,因绝对止损（亏损>20%）卖出100%,009645
2025-04-24,1.1385,1.833,-37.89,因绝对止损（亏损>20%）卖出100%,40.79,金叉,中轨,强势,因绝对止损（亏损>20%）卖出100%,009645
2025-04-25,1.1433,1.833,-37.63,因绝对止损（亏损>20%）卖出100%,41.83,金叉,中轨,弱势,因绝对止损（亏损>20%）卖出100%,009645
2025-04-28,1.1497,1.833,-37.28,因绝对止损（亏损>20%）卖出100%,43.25,金叉,中轨,强势,因绝对止损（亏损>20%）卖出100%,009645
2025-04-29,1.1475,1.833,-37.4,因绝对止损（亏损>20%）卖出100%,42.86,金叉,中轨,弱势,因绝对止损（亏损>20%）卖出100%,009645
2025-04-30,1.1829,1.833,-35.47,因绝对止损（亏损>20%）卖出100%,50.56,金叉,中轨,弱势,因绝对止损（亏损>20%）卖出100%,009645
2025-05-06,1.2176,1.833,-33.57,因绝对止损（亏损>20%）卖出100%,56.72,金叉,中轨,弱势,因绝对止损（亏损>20%）卖出100%,009645
2025-05-07,1.204,1.833,-34.32,因绝对止损（亏损>20%）卖出100%,53.89,金叉,中轨,弱势,因绝对止损（亏损>20%）卖出100%,009645
2025-05-08,1.2065,1.833,-34.18,因绝对止损（亏损>20%）卖出100%,54.34,金叉,中轨,强势,因绝对止损（亏损>20%）卖出100%,009645
2025-05-09,1.173,1.833,-36.01,因绝对止损（亏损>20%）卖出100%,47.61,金叉,中轨,弱势,因绝对止损（亏损>20%）卖出100%,009645
2025-05-12,1.1839,1.833,-35.41,因绝对止损（亏损>20%）卖出100%,49.79,金叉,中轨,强势,因绝对止损（亏损>20%）卖出100%,009645
2025-05-13,1.1812,1.833,-35.56,因绝对止损（亏损>20%）卖出100%,49.24,金叉,中轨,强势,因绝对止损（亏损>20%）卖出100%,009645
2025-05-14,1.1767,1.833,-35.8,因绝对止损（亏损>20%）卖出100%,48.29,金叉,中轨,弱势,因绝对止损（亏损>20%）卖出100%,009645
2025-05-15,1.1432,1.833,-37.63,因绝对止损（亏损>20%）卖出100%,41.82,金叉,中轨,强势,因绝对止损（亏损>20%）卖出100%,009645
2025-05-16,1.1417,1.833,-37.71,因绝对止损（亏损>20%）卖出100%,41.55,金叉,中轨,弱势,因绝对止损（亏损>20%）卖出100%,009645
2025-05-19,1.1368,1.833,-37.98,因绝对止损（亏损>20%）卖出100%,40.63,金叉,中轨,弱势,因绝对止损（亏损>20%）卖出100%,009645
2025-05-20,1.1457,1.833,-37.5,因绝对止损（亏损>20%）卖出100%,43.09,死叉,中轨,弱势,因绝对止损（亏损>20%）卖出100%,009645
2025-05-21,1.1308,1.833,-38.31,因绝对止损（亏损>20%）卖出100%,40.1,死叉,中轨,强势,因绝对止损（亏损>20%）卖出100%,009645
2025-05-22,1.1224,1.833,-38.77,因绝对止损（亏损>20%）卖出100%,38.47,死叉,中轨,弱势,因绝对止损（亏损>20%）卖出100%,009645
2025-05-23,1.0977,1.833,-40.11,因绝对止损（亏损>20%）卖出100%,34.1,死叉,中轨,弱势,因绝对止损（亏损>20%）卖出100%,009645
2025-05-26,1.1159,1.833,-39.12,因绝对止损（亏损>20%）卖出100%,39.55,死叉,中轨,强势,因绝对止损（亏损>20%）卖出100%,009645
2025-05-27,1.1009,1.833,-39.94,因绝对止损（亏损>20%）卖出100%,36.85,死叉,中轨,强势,因绝对止损（亏损>20%）卖出100%,009645
2025-05-28,1.1011,1.833,-39.93,因绝对止损（亏损>20%）卖出100%,36.91,死叉,中轨,强势,因绝对止损（亏损>20%）卖出100%,009645
2025-05-29,1.1223,1.833,-38.77,因绝对止损（亏损>20%）卖出100%,43.26,死叉,中轨,弱势,因绝对止损（亏损>20%）卖出100%,009645
2025-05-30,1.1072,1.833,-39.6,因绝对止损（亏损>20%）卖出100%,40.16,死叉,中轨,弱势,因绝对止损（亏损>20%）卖出100%,009645
2025-06-03,1.1168,1.833,-39.07,因绝对止损（亏损>20%）卖出100%,42.96,死叉,中轨,弱势,因绝对止损（亏损>20%）卖出100%,009645
2025-06-04,1.1244,1.833,-38.66,因绝对止损（亏损>20%）卖出100%,45.15,金叉,中轨,弱势,因绝对止损（亏损>20%）卖出100%,009645
2025-06-05,1.1746,1.833,-35.92,因绝对止损（亏损>20%）卖出100%,56.91,金叉,中轨,弱势,因绝对止损（亏损>20%）卖出100%,009645
2025-06-06,1.1789,1.833,-35.68,因绝对止损（亏损>20%）卖出100%,57.75,金叉,中轨,弱势,因绝对止损（亏损>20%）卖出100%,009645
2025-06-09,1.19,1.833,-35.08,因绝对止损（亏损>20%）卖出100%,59.91,金叉,中轨,强势,因绝对止损（亏损>20%）卖出100%,009645
2025-06-10,1.1666,1.833,-36.36,因绝对止损（亏损>20%）卖出100%,53.67,金叉,中轨,弱势,因绝对止损（亏损>20%）卖出100%,009645
2025-06-11,1.1654,1.833,-36.42,因绝对止损（亏损>20%）卖出100%,53.37,金叉,中轨,强势,因绝对止损（亏损>20%）卖出100%,009645
2025-06-12,1.154,1.833,-37.04,因绝对止损（亏损>20%）卖出100%,50.42,金叉,中轨,强势,因绝对止损（亏损>20%）卖出100%,009645
2025-06-13,1.1566,1.833,-36.9,因绝对止损（亏损>20%）卖出100%,51.08,金叉,中轨,强势,因绝对止损（亏损>20%）卖出100%,009645
2025-06-16,1.1713,1.833,-36.1,因绝对止损（亏损>20%）卖出100%,54.77,金叉,中轨,弱势,因绝对止损（亏损>20%）卖出100%,009645
2025-06-17,1.1603,1.833,-36.7,因绝对止损（亏损>20%）卖出100%,51.63,金叉,中轨,弱势,因绝对止损（亏损>20%）卖出100%,009645
2025-06-18,1.1837,1.833,-35.42,因绝对止损（亏损>20%）卖出100%,57.24,金叉,中轨,弱势,因绝对止损（亏损>20%）卖出100%,009645
2025-06-19,1.1864,1.833,-35.28,因绝对止损（亏损>20%）卖出100%,57.85,金叉,中轨,强势,因绝对止损（亏损>20%）卖出100%,009645
2025-06-20,1.1633,1.833,-36.54,因绝对止损（亏损>20%）卖出100%,51.16,金叉,中轨,弱势,因绝对止损（亏损>20%）卖出100%,009645
2025-06-23,1.1646,1.833,-36.46,因绝对止损（亏损>20%）卖出100%,51.5,金叉,中轨,弱势,因绝对止损（亏损>20%）卖出100%,009645
2025-06-24,1.1942,1.833,-34.85,因绝对止损（亏损>20%）卖出100%,58.57,金叉,中轨,强势,因绝对止损（亏损>20%）卖出100%,009645
2025-06-25,1.23,1.833,-32.9,因绝对止损（亏损>20%）卖出100%,65.18,金叉,中轨,强势,因绝对止损（亏损>20%）卖出100%,009645
2025-06-26,1.2273,1.833,-33.04,因绝对止损（亏损>20%）卖出100%,64.35,金叉,中轨,弱势,因绝对止损（亏损>20%）卖出100%,009645
2025-06-27,1.2381,1.833,-32.45,因绝对止损（亏损>20%）卖出100%,66.21,金叉,中轨,强势,因绝对止损（亏损>20%）卖出100%,009645
2025-06-30,1.2573,1.833,-31.41,因绝对止损（亏损>20%）卖出100%,69.29,金叉,中轨,弱势,因绝对止损（亏损>20%）卖出100%,009645
2025-07-01,1.2486,1.833,-31.88,因绝对止损（亏损>20%）卖出100%,66.34,金叉,中轨,弱势,因绝对止损（亏损>20%）卖出100%,009645
2025-07-02,1.2113,1.833,-33.92,因绝对止损（亏损>20%）卖出100%,55.46,金叉,中轨,弱势,因绝对止损（亏损>20%）卖出100%,009645
2025-07-03,1.2239,1.833,-33.23,因绝对止损（亏损>20%）卖出100%,57.97,金叉,中轨,强势,因绝对止损（亏损>20%）卖出100%,009645
2025-07-04,1.232,1.833,-32.79,因绝对止损（亏损>20%）卖出100%,59.54,金叉,中轨,弱势,因绝对止损（亏损>20%）卖出100%,009645
2025-07-07,1.2218,1.833,-33.34,因绝对止损（亏损>20%）卖出100%,56.66,金叉,中轨,弱势,因绝对止损（亏损>20%）卖出100%,009645
2025-07-08,1.2638,1.833,-31.05,因绝对止损（亏损>20%）卖出100%,64.32,金叉,中轨,弱势,因绝对止损（亏损>20%）卖出100%,009645
2025-07-09,1.2456,1.833,-32.05,因绝对止损（亏损>20%）卖出100%,59.42,金叉,中轨,弱势,因绝对止损（亏损>20%）卖出100%,009645
2025-07-10,1.2361,1.833,-32.56,因绝对止损（亏损>20%）卖出100%,56.98,金叉,中轨,弱势,因绝对止损（亏损>20%）卖出100%,009645
2025-07-11,1.2462,1.833,-32.01,因绝对止损（亏损>20%）卖出100%,58.91,金叉,中轨,弱势,因绝对止损（亏损>20%）卖出100%,009645
2025-07-14,1.2417,1.833,-32.26,因绝对止损（亏损>20%）卖出100%,57.67,金叉,中轨,弱势,因绝对止损（亏损>20%）卖出100%,009645
2025-07-15,1.2816,1.833,-30.08,因绝对止损（亏损>20%）卖出100%,64.77,金叉,中轨,弱势,因绝对止损（亏损>20%）卖出100%,009645
2025-07-16,1.2732,1.833,-30.54,因绝对止损（亏损>20%）卖出100%,62.4,金叉,中轨,弱势,因绝对止损（亏损>20%）卖出100%,009645
2025-07-17,1.2965,1.833,-29.27,因绝对止损（亏损>20%）卖出100%,66.1,金叉,中轨,强势,因绝对止损（亏损>20%）卖出100%,009645
2025-07-18,1.2955,1.833,-29.32,因绝对止损（亏损>20%）卖出100%,65.8,金叉,中轨,弱势,因绝对止损（亏损>20%）卖出100%,009645
2025-07-21,1.2942,1.833,-29.39,因绝对止损（亏损>20%）卖出100%,65.39,金叉,中轨,强势,因绝对止损（亏损>20%）卖出100%,009645
2025-07-22,1.2766,1.833,-30.35,因绝对止损（亏损>20%）卖出100%,59.88,金叉,中轨,强势,因绝对止损（亏损>20%）卖出100%,009645
2025-07-23,1.2883,1.833,-29.72,因绝对止损（亏损>20%）卖出100%,62.16,金叉,中轨,弱势,因绝对止损（亏损>20%）卖出100%,009645
2025-07-24,1.2925,1.833,-29.49,因绝对止损（亏损>20%）卖出100%,62.98,金叉,中轨,弱势,因绝对止损（亏损>20%）卖出100%,009645
2025-07-25,1.3137,1.833,-28.33,因绝对止损（亏损>20%）卖出100%,66.85,金叉,中轨,弱势,因绝对止损（亏损>20%）卖出100%,009645
2025-07-28,1.346,1.833,-26.57,因绝对止损（亏损>20%）卖出100%,71.71,金叉,中轨,弱势,因绝对止损（亏损>20%）卖出100%,009645
2025-07-29,1.3795,1.833,-24.74,因绝对止损（亏损>20%）卖出100%,75.7,金叉,上轨,强势,因绝对止损（亏损>20%）卖出100%,009645
2025-07-30,1.3764,1.833,-24.91,因绝对止损（亏损>20%）卖出100%,74.65,金叉,上轨,弱势,因绝对止损（亏损>20%）卖出100%,009645
2025-07-31,1.3771,1.833,-24.87,因绝对止损（亏损>20%）卖出100%,74.73,金叉,中轨,弱势,因绝对止损（亏损>20%）卖出100%,009645
2025-08-01,1.3686,1.833,-25.34,因绝对止损（亏损>20%）卖出100%,71.59,金叉,中轨,弱势,因绝对止损（亏损>20%）卖出100%,009645
2025-08-04,1.379,1.833,-24.77,因绝对止损（亏损>20%）卖出100%,73.08,金叉,中轨,弱势,因绝对止损（亏损>20%）卖出100%,009645
2025-08-05,1.3705,1.833,-25.23,因绝对止损（亏损>20%）卖出100%,69.86,金叉,中轨,弱势,因绝对止损（亏损>20%）卖出100%,009645
2025-08-06,1.3819,1.833,-24.61,因绝对止损（亏损>20%）卖出100%,71.67,金叉,中轨,弱势,因绝对止损（亏损>20%）卖出100%,009645
2025-08-07,1.3667,1.833,-25.44,因绝对止损（亏损>20%）卖出100%,65.99,金叉,中轨,弱势,因绝对止损（亏损>20%）卖出100%,009645
2025-08-08,1.3504,1.833,-26.33,因绝对止损（亏损>20%）卖出100%,60.46,金叉,中轨,弱势,因绝对止损（亏损>20%）卖出100%,009645
2025-08-11,1.3905,1.833,-24.14,因绝对止损（亏损>20%）卖出100%,67.64,死叉,中轨,弱势,因绝对止损（亏损>20%）卖出100%,009645
2025-08-12,1.4512,1.833,-20.83,因绝对止损（亏损>20%）卖出100%,75.04,金叉,中轨,弱势,因绝对止损（亏损>20%）卖出100%,009645
2025-08-18,1.5919,1.833,-13.15,暂停定投,84.01,金叉,上轨,弱势,暂停定投,009645
2025-08-19,1.6024,1.833,-12.58,暂停定投,84.53,金叉,上轨,弱势,暂停定投,009645
2025-08-20,1.6814,1.833,-8.27,因移动止盈卖出,87.75,金叉,上轨,弱势,因移动止盈卖出,009645
2025-08-21,1.6562,1.833,-9.65,因移动止盈卖出,81.9,金叉,中轨,弱势,因移动止盈卖出,009645
2025-08-22,1.7658,1.833,-3.67,因移动止盈卖出,86.2,金叉,中轨,弱势,因移动止盈卖出,009645
2025-08-25,1.843,1.833,0.55,因移动止盈卖出,88.31,金叉,上轨,强势,因移动止盈卖出,009645
2025-08-26,1.798,1.833,-1.91,因移动止盈卖出,80.58,金叉,中轨,弱势,因移动止盈卖出,009645
2025-08-27,1.8493,1.833,0.89,【T1止盈】布林中轨已达，建议卖出 30% - 50% 仓位,82.47,金叉,中轨,强势,【T1止盈】布林中轨已达，建议卖出 30% - 50% 仓位,009645
2025-08-28,1.9967,1.833,8.93,【T1止盈】布林中轨已达，建议卖出 30% - 50% 仓位,86.52,金叉,中轨,弱势,【T1止盈】布林中轨已达，建议卖出 30% - 50% 仓位,009645
2025-08-29,1.9582,1.833,6.83,【T1止盈】布林中轨已达，建议卖出 30% - 50% 仓位,81.24,金叉,中轨,弱势,【T1止盈】布林中轨已达，建议卖出 30% - 50% 仓位,009645
2025-09-01,1.9976,1.833,8.98,【T1止盈】布林中轨已达，建议卖出 30% - 50% 仓位,82.42,金叉,中轨,强势,【T1止盈】布林中轨已达，建议卖出 30% - 50% 仓位,009645
2025-09-02,1.8796,1.833,2.54,【T1止盈】布林中轨已达，建议卖出 30% - 50% 仓位,68.5,金叉,中轨,弱势,【T1止盈】布林中轨已达，建议卖出 30% - 50% 仓位,009645
2025-09-03,1.8535,1.833,1.12,【T1止盈】布林中轨已达，建议卖出 30% - 50% 仓位,65.85,金叉,中轨,强势,【T1止盈】布林中轨已达，建议卖出 30% - 50% 仓位,009645
2025-09-04,1.7006,1.833,-7.22,因移动止盈卖出,52.94,金叉,中轨,强势,因移动止盈卖出,009645
2025-09-05,1.7981,1.833,-1.9,因移动止盈卖出,58.53,死叉,中轨,中性,因移动止盈卖出,009645
2025-09-08,1.7743,1.833,-3.2,因移动止盈卖出,56.76,死叉,中轨,强势,因移动止盈卖出,009645
2025-09-09,1.7331,1.833,-5.45,因移动止盈卖出,53.72,死叉,中轨,弱势,因移动止盈卖出,009645
2025-09-10,1.7844,1.833,-2.65,因移动止盈卖出,56.82,死叉,中轨,弱势,因移动止盈卖出,009645
2025-09-11,1.9297,1.833,5.28,【T1止盈】布林中轨已达，建议卖出 30% - 50% 仓位,64.13,死叉,中轨,强势,【T1止盈】布林中轨已达，建议卖出 30% - 50% 仓位,009645
2025-09-12,2.0172,1.833,10.05,【T1止盈】布林中轨已达，建议卖出 30% - 50% 仓位,67.68,死叉,中轨,弱势,【T1止盈】布林中轨已达，建议卖出 30% - 50% 仓位,009645
2025-09-15,1.9894,1.833,8.53,【T1止盈】布林中轨已达，建议卖出 30% - 50% 仓位,65.46,死叉,中轨,弱势,【T1止盈】布林中轨已达，建议卖出 30% - 50% 仓位,009645
2025-09-16,2.0164,1.833,10.01,【T1止盈】布林中轨已达，建议卖出 30% - 50% 仓位,66.6,金叉,中轨,弱势,【T1止盈】布林中轨已达，建议卖出 30% - 50% 仓位,009645
2025-09-17,1.9983,1.833,9.02,【T1止盈】布林中轨已达，建议卖出 30% - 50% 仓位,65.05,金叉,中轨,弱势,【T1止盈】布林中轨已达，建议卖出 30% - 50% 仓位,009645
2025-09-18,2.0315,1.833,10.83,【T1止盈】布林中轨已达，建议卖出 30% - 50% 仓位,66.59,金叉,中轨,强势,【T1止盈】布林中轨已达，建议卖出 30% - 50% 仓位,009645
2025-09-19,1.974,1.833,7.69,【T1止盈】布林中轨已达，建议卖出 30% - 50% 仓位,61.53,金叉,中轨,强势,【T1止盈】布林中轨已达，建议卖出 30% - 50% 仓位,009645
2025-09-22,2.0774,1.833,13.33,【T1止盈】布林中轨已达，建议卖出 30% - 50% 仓位,66.46,金叉,中轨,强势,【T1止盈】布林中轨已达，建议卖出 30% - 50% 仓位,009645
2025-09-23,2.0546,1.833,12.09,【T1止盈】布林中轨已达，建议卖出 30% - 50% 仓位,64.5,金叉,中轨,弱势,【T1止盈】布林中轨已达，建议卖出 30% - 50% 仓位,009645
2025-09-24,2.0564,1.833,12.19,【T1止盈】布林中轨已达，建议卖出 30% - 50% 仓位,64.59,金叉,中轨,弱势,【T1止盈】布林中轨已达，建议卖出 30% - 50% 仓位,009645
2025-09-25,2.0787,1.833,13.4,【T1止盈】布林中轨已达，建议卖出 30% - 50% 仓位,65.74,死叉,中轨,强势,【T1止盈】布林中轨已达，建议卖出 30% - 50% 仓位,009645
2025-09-26,1.983,1.833,8.18,【T1止盈】布林中轨已达，建议卖出 30% - 50% 仓位,57.18,死叉,中轨,弱势,【T1止盈】布林中轨已达，建议卖出 30% - 50% 仓位,009645
2025-09-29,1.9985,1.833,9.03,【T1止盈】布林中轨已达，建议卖出 30% - 50% 仓位,58.13,死叉,中轨,弱势,【T1止盈】布林中轨已达，建议卖出 30% - 50% 仓位,009645
2025-09-30,2.0206,1.833,10.23,【T1止盈】布林中轨已达，建议卖出 30% - 50% 仓位,59.51,死叉,中轨,强势,【T1止盈】布林中轨已达，建议卖出 30% - 50% 仓位,009645
2025-10-09,2.0569,1.833,12.21,【T1止盈】布林中轨已达，建议卖出 30% - 50% 仓位,61.74,死叉,中轨,强势,【T1止盈】布林中轨已达，建议卖出 30% - 50% 仓位,009645
2025-10-10,1.9194,1.833,4.71,【T1止盈】布林中轨已达，建议卖出 30% - 50% 仓位,50.42,死叉,中轨,弱势,【T1止盈】布林中轨已达，建议卖出 30% - 50% 仓位,009645
2025-10-13,1.916,1.833,4.53,【T1止盈】布林中轨已达，建议卖出 30% - 50% 仓位,50.17,死叉,中轨,弱势,【T1止盈】布林中轨已达，建议卖出 30% - 50% 仓位,009645
2025-10-14,1.8266,1.833,-0.35,因移动止盈卖出,44.1,死叉,中轨,强势,因移动止盈卖出,009645
2025-10-15,1.8614,1.833,1.55,【T1止盈】布林中轨已达，建议卖出 30% - 50% 仓位,46.8,死叉,中轨,弱势,【T1止盈】布林中轨已达，建议卖出 30% - 50% 仓位,009645
2025-10-16,1.854,1.833,1.15,【T1止盈】布林中轨已达，建议卖出 30% - 50% 仓位,46.29,死叉,中轨,弱势,【T1止盈】布林中轨已达，建议卖出 30% - 50% 仓位,009645
2025-10-17,1.7838,1.833,-2.68,因移动止盈卖出,41.64,死叉,中轨,弱势,因移动止盈卖出,009645
2025-10-20,1.8049,1.833,-1.53,因移动止盈卖出,43.47,死叉,中轨,弱势,因移动止盈卖出,009645
2023-11-30,1.0,1.3829,-27.69,因绝对止损（亏损>20%）卖出100%,0.0,金叉,中轨,强势,因绝对止损（亏损>20%）卖出100%,019548
2023-12-01,1.0001,1.3829,-27.68,因绝对止损（亏损>20%）卖出100%,0.0,金叉,中轨,弱势,因绝对止损（亏损>20%）卖出100%,019548
2023-12-04,1.0001,1.3829,-27.68,因绝对止损（亏损>20%）卖出100%,0.0,金叉,中轨,弱势,因绝对止损（亏损>20%）卖出100%,019548
2023-12-05,1.0001,1.3829,-27.68,因绝对止损（亏损>20%）卖出100%,0.0,金叉,中轨,弱势,因绝对止损（亏损>20%）卖出100%,019548
2023-12-06,1.0001,1.3829,-27.68,因绝对止损（亏损>20%）卖出100%,0.0,金叉,中轨,弱势,因绝对止损（亏损>20%）卖出100%,019548
2023-12-07,1.0001,1.3829,-27.68,因绝对止损（亏损>20%）卖出100%,0.0,金叉,中轨,中性,因绝对止损（亏损>20%）卖出100%,019548
2023-12-08,1.0049,1.3829,-27.33,因绝对止损（亏损>20%）卖出100%,0.0,金叉,中轨,强势,因绝对止损（亏损>20%）卖出100%,019548
2023-12-11,1.0049,1.3829,-27.33,因绝对止损（亏损>20%）卖出100%,0.0,金叉,中轨,强势,因绝对止损（亏损>20%）卖出100%,019548
2023-12-12,1.0163,1.3829,-26.51,因绝对止损（亏损>20%）卖出100%,0.0,金叉,中轨,弱势,因绝对止损（亏损>20%）卖出100%,019548
2023-12-13,1.0272,1.3829,-25.72,因绝对止损（亏损>20%）卖出100%,0.0,金叉,上轨,弱势,因绝对止损（亏损>20%）卖出100%,019548
2023-12-14,1.0252,1.3829,-25.87,因绝对止损（亏损>20%）卖出100%,0.0,金叉,中轨,强势,因绝对止损（亏损>20%）卖出100%,019548
2023-12-15,1.0282,1.3829,-25.65,因绝对止损（亏损>20%）卖出100%,0.0,金叉,中轨,强势,因绝对止损（亏损>20%）卖出100%,019548
2023-12-18,1.0339,1.3829,-25.24,因绝对止损（亏损>20%）卖出100%,94.35,金叉,中轨,强势,因绝对止损（亏损>20%）卖出100%,019548
2023-12-19,1.0392,1.3829,-24.85,因绝对止损（亏损>20%）卖出100%,95.24,金叉,中轨,弱势,因绝对止损（亏损>20%）卖出100%,019548
2023-12-20,1.0248,1.3829,-25.89,因绝对止损（亏损>20%）卖出100%,65.2,金叉,中轨,强势,因绝对止损（亏损>20%）卖出100%,019548
2023-12-21,1.0364,1.3829,-25.06,因绝对止损（亏损>20%）卖出100%,72.68,金叉,中轨,强势,因绝对止损（亏损>20%）卖出100%,019548
2023-12-22,1.0361,1.3829,-25.08,因绝对止损（亏损>20%）卖出100%,72.24,金叉,中轨,中性,因绝对止损（亏损>20%）卖出100%,019548
2023-12-25,1.0368,1.3829,-25.03,因绝对止损（亏损>20%）卖出100%,72.65,金叉,中轨,强势,因绝对止损（亏损>20%）卖出100%,019548
2023-12-26,1.0419,1.3829,-24.66,因绝对止损（亏损>20%）卖出100%,75.48,金叉,中轨,弱势,因绝对止损（亏损>20%）卖出100%,019548
2023-12-27,1.0438,1.3829,-24.52,因绝对止损（亏损>20%）卖出100%,76.46,金叉,中轨,强势,因绝对止损（亏损>20%）卖出100%,019548
2023-12-28,1.043,1.3829,-24.58,因绝对止损（亏损>20%）卖出100%,75.1,金叉,中轨,弱势,因绝对止损（亏损>20%）卖出100%,019548
2023-12-29,1.037,1.3829,-25.01,因绝对止损（亏损>20%）卖出100%,65.68,金叉,中轨,强势,因绝对止损（亏损>20%）卖出100%,019548
2023-12-31,1.0369,1.3829,-25.02,因绝对止损（亏损>20%）卖出100%,65.53,金叉,中轨,强势,因绝对止损（亏损>20%）卖出100%,019548
2024-01-02,1.0202,1.3829,-26.23,因绝对止损（亏损>20%）卖出100%,46.66,金叉,中轨,强势,因绝对止损（亏损>20%）卖出100%,019548
2024-01-03,1.0134,1.3829,-26.72,因绝对止损（亏损>20%）卖出100%,41.43,死叉,中轨,弱势,因绝对止损（亏损>20%）卖出100%,019548
2024-01-04,1.0082,1.3829,-27.1,因绝对止损（亏损>20%）卖出100%,37.93,死叉,中轨,中性,因绝对止损（亏损>20%）卖出100%,019548
2024-01-05,1.0098,1.3829,-26.98,因绝对止损（亏损>20%）卖出100%,39.62,死叉,中轨,弱势,因绝对止损（亏损>20%）卖出100%,019548
2024-01-08,1.0289,1.3829,-25.6,因绝对止损（亏损>20%）卖出100%,55.28,死叉,中轨,强势,因绝对止损（亏损>20%）卖出100%,019548
2024-01-09,1.0303,1.3829,-25.5,因绝对止损（亏损>20%）卖出100%,56.18,死叉,中轨,强势,因绝对止损（亏损>20%）卖出100%,019548
2024-01-10,1.0364,1.3829,-25.06,因绝对止损（亏损>20%）卖出100%,59.95,死叉,中轨,强势,因绝对止损（亏损>20%）卖出100%,019548
2024-01-11,1.0376,1.3829,-24.97,因绝对止损（亏损>20%）卖出100%,60.67,死叉,中轨,强势,因绝对止损（亏损>20%）卖出100%,019548
2024-01-12,1.0375,1.3829,-24.98,因绝对止损（亏损>20%）卖出100%,60.57,死叉,中轨,强势,因绝对止损（亏损>20%）卖出100%,019548
2024-01-15,1.0379,1.3829,-24.95,因绝对止损（亏损>20%）卖出100%,60.84,金叉,中轨,强势,因绝对止损（亏损>20%）卖出100%,019548
2024-01-16,1.0379,1.3829,-24.95,因绝对止损（亏损>20%）卖出100%,60.84,金叉,中轨,强势,因绝对止损（亏损>20%）卖出100%,019548
2024-01-17,1.0321,1.3829,-25.37,因绝对止损（亏损>20%）卖出100%,54.55,金叉,中轨,强势,因绝对止损（亏损>20%）卖出100%,019548
2024-01-18,1.0462,1.3829,-24.35,因绝对止损（亏损>20%）卖出100%,64.23,金叉,中轨,强势,因绝对止损（亏损>20%）卖出100%,019548
2024-01-19,1.0645,1.3829,-23.02,因绝对止损（亏损>20%）卖出100%,72.44,金叉,中轨,中性,因绝对止损（亏损>20%）卖出100%,019548
2024-01-22,1.061,1.3829,-23.28,因绝对止损（亏损>20%）卖出100%,69.17,金叉,中轨,弱势,因绝对止损（亏损>20%）卖出100%,019548
2024-01-23,1.0615,1.3829,-23.24,因绝对止损（亏损>20%）卖出100%,69.39,金叉,中轨,弱势,因绝对止损（亏损>20%）卖出100%,019548
2024-01-24,1.0605,1.3829,-23.31,因绝对止损（亏损>20%）卖出100%,68.37,金叉,中轨,弱势,因绝对止损（亏损>20%）卖出100%,019548
2024-01-25,1.061,1.3829,-23.28,因绝对止损（亏损>20%）卖出100%,68.62,金叉,中轨,弱势,因绝对止损（亏损>20%）卖出100%,019548
2024-01-26,1.0564,1.3829,-23.61,因绝对止损（亏损>20%）卖出100%,63.68,金叉,中轨,弱势,因绝对止损（亏损>20%）卖出100%,019548
2024-01-29,1.067,1.3829,-22.84,因绝对止损（亏损>20%）卖出100%,69.18,金叉,中轨,弱势,因绝对止损（亏损>20%）卖出100%,019548
2024-01-30,1.0592,1.3829,-23.41,因绝对止损（亏损>20%）卖出100%,61.77,金叉,中轨,强势,因绝对止损（亏损>20%）卖出100%,019548
2024-01-31,1.04,1.3829,-24.8,因绝对止损（亏损>20%）卖出100%,48.11,金叉,中轨,弱势,因绝对止损（亏损>20%）卖出100%,019548
2024-02-01,1.0513,1.3829,-23.98,因绝对止损（亏损>20%）卖出100%,54.49,死叉,中轨,弱势,因绝对止损（亏损>20%）卖出100%,019548
2024-02-02,1.0658,1.3829,-22.93,因绝对止损（亏损>20%）卖出100%,61.1,死叉,中轨,强势,因绝对止损（亏损>20%）卖出100%,019548
2024-02-05,1.0641,1.3829,-23.05,因绝对止损（亏损>20%）卖出100%,60.0,死叉,中轨,强势,因绝对止损（亏损>20%）卖出100%,019548
2024-02-06,1.0621,1.3829,-23.2,因绝对止损（亏损>20%）卖出100%,58.66,死叉,中轨,弱势,因绝对止损（亏损>20%）卖出100%,019548
2024-02-07,1.0713,1.3829,-22.53,因绝对止损（亏损>20%）卖出100%,62.77,金叉,中轨,强势,因绝对止损（亏损>20%）卖出100%,019548
2024-02-08,1.0724,1.3829,-22.45,因绝对止损（亏损>20%）卖出100%,63.24,金叉,中轨,弱势,因绝对止损（亏损>20%）卖出100%,019548
2024-02-19,1.0666,1.3829,-22.87,因绝对止损（亏损>20%）卖出100%,59.01,金叉,中轨,弱势,因绝对止损（亏损>20%）卖出100%,019548
2024-02-20,1.0589,1.3829,-23.43,因绝对止损（亏损>20%）卖出100%,53.85,金叉,中轨,弱势,因绝对止损（亏损>20%）卖出100%,019548
2024-02-21,1.0546,1.3829,-23.74,因绝对止损（亏损>20%）卖出100%,51.16,死叉,中轨,弱势,因绝对止损（亏损>20%）卖出100%,019548
2024-02-22,1.083,1.3829,-21.69,因绝对止损（亏损>20%）卖出100%,63.96,死叉,中轨,弱势,因绝对止损（亏损>20%）卖出100%,019548
2024-02-23,1.0796,1.3829,-21.93,因绝对止损（亏损>20%）卖出100%,61.87,金叉,中轨,弱势,因绝对止损（亏损>20%）卖出100%,019548
2024-02-26,1.0796,1.3829,-21.93,因绝对止损（亏损>20%）卖出100%,61.87,金叉,中轨,弱势,因绝对止损（亏损>20%）卖出100%,019548
2024-02-27,1.0813,1.3829,-21.81,因绝对止损（亏损>20%）卖出100%,62.58,金叉,中轨,弱势,因绝对止损（亏损>20%）卖出100%,019548
2024-02-28,1.0762,1.3829,-22.18,因绝对止损（亏损>20%）卖出100%,59.03,金叉,中轨,强势,因绝对止损（亏损>20%）卖出100%,019548
2024-02-29,1.0854,1.3829,-21.51,因绝对止损（亏损>20%）卖出100%,63.1,金叉,中轨,弱势,因绝对止损（亏损>20%）卖出100%,019548
2024-03-01,1.1002,1.3829,-20.44,因绝对止损（亏损>20%）卖出100%,68.51,金叉,中轨,弱势,因绝对止损（亏损>20%）卖出100%,019548
2024-03-04,1.0951,1.3829,-20.81,因绝对止损（亏损>20%）卖出100%,64.97,金叉,中轨,弱势,因绝对止损（亏损>20%）卖出100%,019548
2024-03-05,1.0776,1.3829,-22.08,因绝对止损（亏损>20%）卖出100%,54.56,金叉,中轨,弱势,因绝对止损（亏损>20%）卖出100%,019548
2024-03-06,1.0841,1.3829,-21.61,因绝对止损（亏损>20%）卖出100%,57.3,金叉,中轨,弱势,因绝对止损（亏损>20%）卖出100%,019548
2024-03-07,1.0992,1.3829,-20.51,因绝对止损（亏损>20%）卖出100%,62.89,金叉,中轨,弱势,因绝对止损（亏损>20%）卖出100%,019548
2024-03-08,1.0833,1.3829,-21.66,因绝对止损（亏损>20%）卖出100%,54.76,金叉,中轨,弱势,因绝对止损（亏损>20%）卖出100%,019548
2024-03-11,1.0794,1.3829,-21.95,因绝对止损（亏损>20%）卖出100%,52.95,死叉,中轨,弱势,因绝对止损（亏损>20%）卖出100%,019548
2024-03-12,1.0935,1.3829,-20.93,因绝对止损（亏损>20%）卖出100%,58.31,死叉,中轨,强势,因绝对止损（亏损>20%）卖出100%,019548
2024-03-13,1.0845,1.3829,-21.58,因绝对止损（亏损>20%）卖出100%,54.08,死叉,中轨,强势,因绝对止损（亏损>20%）卖出100%,019548
2024-03-14,1.0821,1.3829,-21.75,因绝对止损（亏损>20%）卖出100%,52.97,死叉,中轨,弱势,因绝对止损（亏损>20%）卖出100%,019548
2024-03-15,1.0707,1.3829,-22.58,因绝对止损（亏损>20%）卖出100%,47.96,死叉,中轨,弱势,因绝对止损（亏损>20%）卖出100%,019548
2024-03-18,1.0798,1.3829,-21.92,因绝对止损（亏损>20%）卖出100%,51.87,死叉,中轨,强势,因绝对止损（亏损>20%）卖出100%,019548
2024-03-19,1.0819,1.3829,-21.77,因绝对止损（亏损>20%）卖出100%,52.76,死叉,中轨,弱势,因绝对止损（亏损>20%）卖出100%,019548
2024-03-20,1.093,1.3829,-20.96,因绝对止损（亏损>20%）卖出100%,57.23,死叉,中轨,弱势,因绝对止损（亏损>20%）卖出100%,019548
2024-03-21,1.0966,1.3829,-20.7,因绝对止损（亏损>20%）卖出100%,58.59,死叉,中轨,弱势,因绝对止损（亏损>20%）卖出100%,019548
2024-03-22,1.0995,1.3829,-20.49,因绝对止损（亏损>20%）卖出100%,59.71,死叉,中轨,弱势,因绝对止损（亏损>20%）卖出100%,019548
2024-03-25,1.0985,1.3829,-20.57,因绝对止损（亏损>20%）卖出100%,59.12,金叉,中轨,中性,因绝对止损（亏损>20%）卖出100%,019548
2024-03-26,1.0943,1.3829,-20.87,因绝对止损（亏损>20%）卖出100%,56.58,金叉,中轨,弱势,因绝对止损（亏损>20%）卖出100%,019548
2024-03-27,1.098,1.3829,-20.6,因绝对止损（亏损>20%）卖出100%,58.28,金叉,中轨,弱势,因绝对止损（亏损>20%）卖出100%,019548
2024-03-28,1.0969,1.3829,-20.68,因绝对止损（亏损>20%）卖出100%,57.56,金叉,中轨,弱势,因绝对止损（亏损>20%）卖出100%,019548
2024-03-29,1.0963,1.3829,-20.72,因绝对止损（亏损>20%）卖出100%,57.14,金叉,中轨,强势,因绝对止损（亏损>20%）卖出100%,019548
2024-04-01,1.0972,1.3829,-20.66,因绝对止损（亏损>20%）卖出100%,57.64,死叉,中轨,弱势,因绝对止损（亏损>20%）卖出100%,019548
2024-04-02,1.0879,1.3829,-21.33,因绝对止损（亏损>20%）卖出100%,51.08,死叉,中轨,弱势,因绝对止损（亏损>20%）卖出100%,019548
2024-04-03,1.0891,1.3829,-21.25,因绝对止损（亏损>20%）卖出100%,51.84,死叉,中轨,弱势,因绝对止损（亏损>20%）卖出100%,019548
2024-04-08,1.0855,1.3829,-21.51,因绝对止损（亏损>20%）卖出100%,49.36,死叉,中轨,弱势,因绝对止损（亏损>20%）卖出100%,019548
2024-04-09,1.0893,1.3829,-21.23,因绝对止损（亏损>20%）卖出100%,51.97,死叉,中轨,弱势,因绝对止损（亏损>20%）卖出100%,019548
2024-04-10,1.0802,1.3829,-21.89,因绝对止损（亏损>20%）卖出100%,45.87,死叉,中轨,弱势,因绝对止损（亏损>20%）卖出100%,019548
2024-04-11,1.0973,1.3829,-20.65,因绝对止损（亏损>20%）卖出100%,56.26,死叉,中轨,弱势,因绝对止损（亏损>20%）卖出100%,019548
2024-04-12,1.0798,1.3829,-21.92,因绝对止损（亏损>20%）卖出100%,46.44,死叉,中轨,强势,因绝对止损（亏损>20%）卖出100%,019548
2024-04-15,1.0634,1.3829,-23.1,因绝对止损（亏损>20%）卖出100%,39.48,死叉,中轨,弱势,因绝对止损（亏损>20%）卖出100%,019548
2024-04-16,1.064,1.3829,-23.06,因绝对止损（亏损>20%）卖出100%,39.83,死叉,下轨,弱势,因绝对止损（亏损>20%）卖出100%,019548
2024-04-17,1.0511,1.3829,-23.99,因绝对止损（亏损>20%）卖出100%,35.07,死叉,下轨,弱势,因绝对止损（亏损>20%）卖出100%,019548
2024-04-18,1.045,1.3829,-24.43,因绝对止损（亏损>20%）卖出100%,33.05,死叉,下轨,弱势,因绝对止损（亏损>20%）卖出100%,019548
2024-04-19,1.0239,1.3829,-25.96,因绝对止损（亏损>20%）卖出100%,27.23,死叉,下轨,弱势,因绝对止损（亏损>20%）卖出100%,019548
2024-04-22,1.0347,1.3829,-25.18,因绝对止损（亏损>20%）卖出100%,33.67,死叉,中轨,强势,因绝对止损（亏损>20%）卖出100%,019548
2024-04-23,1.0512,1.3829,-23.99,因绝对止损（亏损>20%）卖出100%,42.11,死叉,中轨,弱势,因绝对止损（亏损>20%）卖出100%,019548
2024-04-24,1.0546,1.3829,-23.74,因绝对止损（亏损>20%）卖出100%,43.69,死叉,中轨,强势,因绝对止损（亏损>20%）卖出100%,019548
2024-04-25,1.05,1.3829,-24.07,因绝对止损（亏损>20%）卖出100%,42.01,死叉,中轨,弱势,因绝对止损（亏损>20%）卖出100%,019548
2024-04-26,1.0641,1.3829,-23.05,因绝对止损（亏损>20%）卖出100%,48.54,死叉,中轨,弱势,因绝对止损（亏损>20%）卖出100%,019548
2024-04-29,1.0676,1.3829,-22.8,因绝对止损（亏损>20%）卖出100%,50.05,死叉,中轨,弱势,因绝对止损（亏损>20%）卖出100%,019548
2024-04-30,1.0491,1.3829,-24.14,因绝对止损（亏损>20%）卖出100%,42.91,死叉,中轨,中性,因绝对止损（亏损>20%）卖出100%,019548
2024-05-06,1.0815,1.3829,-21.79,因绝对止损（亏损>20%）卖出100%,55.01,金叉,中轨,弱势,因绝对止损（亏损>20%）卖出100%,019548
2024-05-07,1.0813,1.3829,-21.81,因绝对止损（亏损>20%）卖出100%,54.93,金叉,中轨,弱势,因绝对止损（亏损>20%）卖出100%,019548
2024-05-08,1.0811,1.3829,-21.82,因绝对止损（亏损>20%）卖出100%,54.85,金叉,中轨,弱势,因绝对止损（亏损>20%）卖出100%,019548
2024-05-09,1.0824,1.3829,-21.73,因绝对止损（亏损>20%）卖出100%,55.33,金叉,中轨,弱势,因绝对止损（亏损>20%）卖出100%,019548
2024-05-10,1.0848,1.3829,-21.56,因绝对止损（亏损>20%）卖出100%,56.24,金叉,中轨,弱势,因绝对止损（亏损>20%）卖出100%,019548
2024-05-13,1.0874,1.3829,-21.37,因绝对止损（亏损>20%）卖出100%,57.25,金叉,中轨,强势,因绝对止损（亏损>20%）卖出100%,019548
2024-05-14,1.0946,1.3829,-20.85,因绝对止损（亏损>20%）卖出100%,60.03,金叉,中轨,强势,因绝对止损（亏损>20%）卖出100%,019548
2024-05-30,1.1052,1.3829,-20.08,因绝对止损（亏损>20%）卖出100%,54.5,金叉,中轨,弱势,因绝对止损（亏损>20%）卖出100%,019548
2024-05-31,1.1048,1.3829,-20.11,因绝对止损（亏损>20%）卖出100%,54.24,金叉,中轨,弱势,因绝对止损（亏损>20%）卖出100%,019548
2024-06-17,1.1763,1.3829,-14.94,暂停定投,79.65,金叉,上轨,弱势,暂停定投,019548
2024-06-18,1.1764,1.3829,-14.93,暂停定投,79.68,金叉,中轨,弱势,暂停定投,019548
2024-06-19,1.1766,1.3829,-14.92,暂停定投,79.72,金叉,中轨,弱势,暂停定投,019548
2024-07-02,1.1773,1.3829,-14.87,暂停定投,68.44,死叉,中轨,弱势,暂停定投,019548
2024-07-03,1.1841,1.3829,-14.38,暂停定投,70.98,死叉,中轨,弱势,暂停定投,019548
2024-07-04,1.184,1.3829,-14.38,暂停定投,70.89,死叉,中轨,弱势,暂停定投,019548
2024-07-05,1.1941,1.3829,-13.65,暂停定投,74.42,金叉,中轨,强势,暂停定投,019548
2024-07-08,1.193,1.3829,-13.73,暂停定投,73.37,金叉,中轨,强势,暂停定投,019548
2024-07-09,1.1899,1.3829,-13.96,暂停定投,70.38,金叉,中轨,弱势,暂停定投,019548
2024-07-10,1.2033,1.3829,-12.99,暂停定投,75.11,金叉,中轨,弱势,暂停定投,019548
2024-07-11,1.179,1.3829,-14.74,暂停定投,57.25,金叉,中轨,强势,暂停定投,019548
2024-07-12,1.1842,1.3829,-14.37,暂停定投,59.47,死叉,中轨,中性,暂停定投,019548
2024-07-15,1.1865,1.3829,-14.2,暂停定投,60.45,死叉,中轨,弱势,暂停定投,019548
2024-07-16,1.1864,1.3829,-14.21,暂停定投,60.38,死叉,中轨,弱势,暂停定投,019548
2024-07-25,1.1037,1.3829,-20.19,因绝对止损（亏损>20%）卖出100%,30.51,死叉,下轨,弱势,因绝对止损（亏损>20%）卖出100%,019548
2024-07-30,1.1005,1.3829,-20.42,因绝对止损（亏损>20%）卖出100%,32.1,死叉,中轨,弱势,因绝对止损（亏损>20%）卖出100%,019548
2024-08-01,1.1062,1.3829,-20.01,因绝对止损（亏损>20%）卖出100%,38.72,死叉,中轨,弱势,因绝对止损（亏损>20%）卖出100%,019548
2024-08-02,1.0833,1.3829,-21.66,因绝对止损（亏损>20%）卖出100%,33.92,死叉,中轨,弱势,因绝对止损（亏损>20%）卖出100%,019548
2024-08-05,1.0545,1.3829,-23.75,因绝对止损（亏损>20%）卖出100%,29.05,死叉,中轨,弱势,因绝对止损（亏损>20%）卖出100%,019548
2024-08-06,1.0645,1.3829,-23.02,因绝对止损（亏损>20%）卖出100%,32.67,死叉,中轨,强势,因绝对止损（亏损>20%）卖出100%,019548
2024-08-07,1.0528,1.3829,-23.87,因绝对止损（亏损>20%）卖出100%,30.69,死叉,中轨,弱势,因绝对止损（亏损>20%）卖出100%,019548
2024-08-08,1.0835,1.3829,-21.65,因绝对止损（亏损>20%）卖出100%,40.79,死叉,中轨,强势,因绝对止损（亏损>20%）卖出100%,019548
2024-08-09,1.0887,1.3829,-21.27,因绝对止损（亏损>20%）卖出100%,42.32,死叉,中轨,弱势,因绝对止损（亏损>20%）卖出100%,019548
2024-08-12,1.0903,1.3829,-21.16,因绝对止损（亏损>20%）卖出100%,42.81,死叉,中轨,弱势,因绝对止损（亏损>20%）卖出100%,019548
2024-09-03,1.1059,1.3829,-20.03,因绝对止损（亏损>20%）卖出100%,42.63,金叉,中轨,弱势,因绝对止损（亏损>20%）卖出100%,019548
2024-09-04,1.1044,1.3829,-20.14,因绝对止损（亏损>20%）卖出100%,42.23,死叉,中轨,弱势,因绝对止损（亏损>20%）卖出100%,019548
2024-09-05,1.1027,1.3829,-20.26,因绝对止损（亏损>20%）卖出100%,41.76,死叉,中轨,弱势,因绝对止损（亏损>20%）卖出100%,019548
2024-09-06,1.0741,1.3829,-22.33,因绝对止损（亏损>20%）卖出100%,34.67,死叉,中轨,弱势,因绝对止损（亏损>20%）卖出100%,019548
2024-09-09,1.0879,1.3829,-21.33,因绝对止损（亏损>20%）卖出100%,39.97,死叉,中轨,弱势,因绝对止损（亏损>20%）卖出100%,019548
2024-09-10,1.0993,1.3829,-20.51,因绝对止损（亏损>20%）卖出100%,44.0,死叉,中轨,弱势,因绝对止损（亏损>20%）卖出100%,019548
2024-10-14,1.1814,1.3829,-14.57,暂停定投,65.45,金叉,中轨,强势,暂停定投,019548
2024-10-16,1.1757,1.3829,-14.98,暂停定投,61.35,金叉,中轨,强势,暂停定投,019548
2024-10-17,1.177,1.3829,-14.89,暂停定投,61.77,金叉,中轨,弱势,暂停定投,019548
2024-10-18,1.185,1.3829,-14.31,暂停定投,64.38,金叉,中轨,弱势,暂停定投,019548
2024-10-21,1.1824,1.3829,-14.5,暂停定投,62.88,金叉,中轨,弱势,暂停定投,019548
2024-10-22,1.1873,1.3829,-14.14,暂停定投,64.56,金叉,中轨,弱势,暂停定投,019548
2024-10-24,1.1801,1.3829,-14.66,暂停定投,58.94,金叉,中轨,弱势,暂停定投,019548
2024-10-25,1.1835,1.3829,-14.42,暂停定投,60.17,死叉,中轨,弱势,暂停定投,019548
2024-10-28,1.1867,1.3829,-14.19,暂停定投,61.34,死叉,中轨,弱势,暂停定投,019548
2024-10-29,1.1972,1.3829,-13.43,暂停定投,64.98,金叉,中轨,强势,暂停定投,019548
2024-10-30,1.1899,1.3829,-13.96,暂停定投,60.7,金叉,中轨,中性,暂停定投,019548
2024-11-05,1.1757,1.3829,-14.98,暂停定投,53.43,死叉,中轨,弱势,暂停定投,019548
2024-11-06,1.2055,1.3829,-12.83,暂停定投,62.98,死叉,中轨,弱势,暂停定投,019548
2024-11-07,1.233,1.3829,-10.84,暂停定投,69.25,金叉,上轨,强势,暂停定投,019548
2024-11-08,1.2305,1.3829,-11.02,暂停定投,68.12,金叉,上轨,弱势,暂停定投,019548
2024-11-11,1.2351,1.3829,-10.69,暂停定投,69.12,金叉,上轨,中性,暂停定投,019548
2024-11-12,1.2353,1.3829,-10.67,暂停定投,69.16,金叉,中轨,弱势,暂停定投,019548
2024-11-13,1.2344,1.3829,-10.74,暂停定投,68.68,金叉,中轨,弱势,暂停定投,019548
2024-11-14,1.2263,1.3829,-11.32,暂停定投,64.29,金叉,中轨,弱势,暂停定投,019548
2024-11-15,1.1992,1.3829,-13.28,暂停定投,52.26,金叉,中轨,弱势,暂停定投,019548
2024-11-18,1.2055,1.3829,-12.83,暂停定投,54.4,金叉,中轨,弱势,暂停定投,019548
2024-11-19,1.2133,1.3829,-12.26,暂停定投,56.96,死叉,中轨,弱势,暂停定投,019548
2024-11-20,1.2127,1.3829,-12.31,暂停定投,56.7,死叉,中轨,弱势,暂停定投,019548
2024-11-21,1.2168,1.3829,-12.01,暂停定投,58.13,死叉,中轨,弱势,暂停定投,019548
2024-11-22,1.2186,1.3829,-11.88,暂停定投,58.77,死叉,中轨,弱势,暂停定投,019548
2024-11-25,1.2195,1.3829,-11.82,暂停定投,59.11,死叉,中轨,强势,暂停定投,019548
2024-11-26,1.2256,1.3829,-11.37,暂停定投,61.43,死叉,中轨,弱势,暂停定投,019548
2024-11-27,1.2168,1.3829,-12.01,暂停定投,56.46,死叉,中轨,弱势,暂停定投,019548
2024-11-28,1.2154,1.3829,-12.11,暂停定投,55.69,死叉,中轨,弱势,暂停定投,019548
2024-11-29,1.2248,1.3829,-11.43,暂停定投,59.67,死叉,中轨,弱势,暂停定投,019548
2024-12-02,1.2367,1.3829,-10.57,暂停定投,64.07,死叉,中轨,弱势,暂停定投,019548
2024-12-03,1.2421,1.3829,-10.18,暂停定投,65.89,金叉,中轨,弱势,暂停定投,019548
2024-12-10,1.2428,1.3829,-10.13,暂停定投,60.2,金叉,中轨,弱势,暂停定投,019548
2024-12-18,1.2336,1.3829,-10.8,暂停定投,49.03,金叉,中轨,中性,暂停定投,019548
2024-12-19,1.2255,1.3829,-11.38,暂停定投,46.39,死叉,中轨,弱势,暂停定投,019548
2024-12-20,1.232,1.3829,-10.91,暂停定投,48.77,死叉,中轨,弱势,暂停定投,019548
2024-12-23,1.2421,1.3829,-10.18,暂停定投,52.31,死叉,中轨,强势,暂停定投,019548
2024-12-24,1.2518,1.3829,-9.48,卖10%,55.5,死叉,中轨,弱势,卖10%,019548
2024-12-25,1.2498,1.3829,-9.62,卖10%,54.69,死叉,中轨,弱势,卖10%,019548
2024-12-27,1.2325,1.3829,-10.88,暂停定投,47.72,死叉,中轨,强势,暂停定投,019548
2024-12-30,1.2174,1.3829,-11.97,暂停定投,42.6,死叉,中轨,弱势,暂停定投,019548
2024-12-31,1.2081,1.3829,-12.64,暂停定投,39.77,死叉,中轨,弱势,暂停定投,019548
2025-01-02,1.2065,1.3829,-12.76,暂停定投,39.29,死叉,中轨,弱势,暂停定投,019548
2025-01-03,1.2257,1.3829,-11.37,暂停定投,47.53,死叉,中轨,弱势,暂停定投,019548
2025-01-06,1.2383,1.3829,-10.46,暂停定投,52.13,死叉,中轨,弱势,暂停定投,019548
2025-01-07,1.2176,1.3829,-11.95,暂停定投,45.13,死叉,中轨,强势,暂停定投,019548
2025-01-08,1.2184,1.3829,-11.9,暂停定投,45.44,死叉,中轨,弱势,暂停定投,019548
2025-01-09,1.2183,1.3829,-11.9,暂停定投,45.41,死叉,中轨,强势,暂停定投,019548
2025-01-10,1.2006,1.3829,-13.18,暂停定投,39.75,死叉,中轨,弱势,暂停定投,019548
2025-01-13,1.197,1.3829,-13.44,暂停定投,38.69,死叉,中轨,弱势,暂停定投,019548
2025-01-14,1.1956,1.3829,-13.54,暂停定投,38.27,死叉,中轨,弱势,暂停定投,019548
2025-01-15,1.2219,1.3829,-11.64,暂停定投,49.51,死叉,中轨,弱势,暂停定投,019548
2025-01-16,1.214,1.3829,-12.21,暂停定投,46.75,死叉,中轨,弱势,暂停定投,019548
2025-01-17,1.2331,1.3829,-10.83,暂停定投,53.49,死叉,中轨,弱势,暂停定投,019548
2025-01-20,1.233,1.3829,-10.84,暂停定投,53.45,金叉,中轨,中性,暂停定投,019548
2025-01-21,1.2368,1.3829,-10.56,暂停定投,54.77,金叉,中轨,弱势,暂停定投,019548
2025-01-27,1.213,1.3829,-12.29,暂停定投,44.47,金叉,中轨,中性,暂停定投,019548
2025-02-05,1.2418,1.3829,-10.2,暂停定投,53.68,金叉,中轨,强势,暂停定投,019548
2025-02-07,1.2334,1.3829,-10.81,暂停定投,50.63,金叉,中轨,弱势,暂停定投,019548
2025-02-21,1.2403,1.3829,-10.31,暂停定投,47.88,金叉,中轨,弱势,暂停定投,019548
2025-02-24,1.2265,1.3829,-11.31,暂停定投,43.22,金叉,中轨,弱势,暂停定投,019548
2025-02-25,1.2116,1.3829,-12.39,暂停定投,38.82,死叉,中轨,弱势,暂停定投,019548
2025-02-26,1.2152,1.3829,-12.13,暂停定投,40.4,死叉,中轨,弱势,暂停定投,019548
2025-02-27,1.1837,1.3829,-14.4,暂停定投,32.51,死叉,中轨,弱势,暂停定投,019548
2025-02-28,1.2019,1.3829,-13.09,暂停定投,39.82,死叉,中轨,弱势,暂停定投,019548
2025-03-03,1.1769,1.3829,-14.9,暂停定投,34.32,死叉,中轨,弱势,暂停定投,019548
2025-03-05,1.1882,1.3829,-14.08,暂停定投,39.32,死叉,中轨,弱势,暂停定投,019548
2025-04-03,1.0779,1.3829,-22.06,因绝对止损（亏损>20%）卖出100%,32.16,金叉,中轨,中性,因绝对止损（亏损>20%）卖出100%,019548
2025-04-07,1.0189,1.3829,-26.32,因绝对止损（亏损>20%）卖出100%,25.03,死叉,下轨,强势,因绝对止损（亏损>20%）卖出100%,019548
2025-04-08,0.9997,1.3829,-27.71,因绝对止损（亏损>20%）卖出100%,23.22,死叉,下轨,强势,因绝对止损（亏损>20%）卖出100%,019548
2025-04-10,1.0696,1.3829,-22.66,因绝对止损（亏损>20%）卖出100%,41.94,死叉,中轨,强势,因绝对止损（亏损>20%）卖出100%,019548
2025-04-11,1.0889,1.3829,-21.26,因绝对止损（亏损>20%）卖出100%,44.96,死叉,中轨,弱势,因绝对止损（亏损>20%）卖出100%,019548
2025-04-14,1.0951,1.3829,-20.81,因绝对止损（亏损>20%）卖出100%,45.93,金叉,中轨,强势,因绝对止损（亏损>20%）卖出100%,019548
2025-04-15,1.0968,1.3829,-20.69,因绝对止损（亏损>20%）卖出100%,46.21,金叉,中轨,强势,因绝对止损（亏损>20%）卖出100%,019548
2025-04-16,1.0664,1.3829,-22.89,因绝对止损（亏损>20%）卖出100%,42.01,金叉,中轨,强势,因绝对止损（亏损>20%）卖出100%,019548
2025-04-17,1.0658,1.3829,-22.93,因绝对止损（亏损>20%）卖出100%,41.93,金叉,中轨,强势,因绝对止损（亏损>20%）卖出100%,019548
2025-04-18,1.0653,1.3829,-22.97,因绝对止损（亏损>20%）卖出100%,41.86,金叉,中轨,强势,因绝对止损（亏损>20%）卖出100%,019548
2025-04-21,1.0404,1.3829,-24.77,因绝对止损（亏损>20%）卖出100%,38.32,金叉,中轨,强势,因绝对止损（亏损>20%）卖出100%,019548
2025-04-22,1.0657,1.3829,-22.94,因绝对止损（亏损>20%）卖出100%,43.55,金叉,中轨,强势,因绝对止损（亏损>20%）卖出100%,019548
2025-04-23,1.0884,1.3829,-21.3,因绝对止损（亏损>20%）卖出100%,47.82,金叉,中轨,强势,因绝对止损（亏损>20%）卖出100%,019548
2025-05-12,1.2012,1.3829,-13.14,暂停定投,67.61,金叉,中轨,强势,暂停定投,019548
2025-05-13,1.2174,1.3829,-11.97,暂停定投,69.87,金叉,上轨,强势,暂停定投,019548
2025-05-14,1.2231,1.3829,-11.56,暂停定投,70.65,金叉,中轨,弱势,暂停定投,019548
2025-05-15,1.2243,1.3829,-11.47,暂停定投,70.82,金叉,中轨,强势,暂停定投,019548
2025-05-16,1.2289,1.3829,-11.14,暂停定投,71.51,金叉,中轨,弱势,暂停定投,019548
2025-05-19,1.2297,1.3829,-11.08,暂停定投,71.63,金叉,中轨,弱势,暂停定投,019548
2025-05-20,1.2256,1.3829,-11.37,暂停定投,69.94,金叉,中轨,弱势,暂停定投,019548
2025-05-21,1.2103,1.3829,-12.48,暂停定投,63.88,金叉,中轨,强势,暂停定投,019548
2025-05-22,1.2114,1.3829,-12.4,暂停定投,64.12,金叉,中轨,弱势,暂停定投,019548
2025-05-23,1.201,1.3829,-13.15,暂停定投,60.05,金叉,中轨,弱势,暂停定投,019548
2025-05-26,1.1996,1.3829,-13.25,暂停定投,59.5,金叉,中轨,强势,暂停定投,019548
2025-05-27,1.2271,1.3829,-11.27,暂停定投,66.06,金叉,中轨,强势,暂停定投,019548
2025-05-28,1.2221,1.3829,-11.63,暂停定投,64.03,金叉,中轨,强势,暂停定投,019548
2025-05-29,1.2247,1.3829,-11.44,暂停定投,64.64,金叉,中轨,弱势,暂停定投,019548
2025-05-30,1.2227,1.3829,-11.58,暂停定投,63.74,死叉,中轨,弱势,暂停定投,019548
2025-06-03,1.24,1.3829,-10.33,暂停定投,67.88,死叉,中轨,弱势,暂停定投,019548
2025-06-04,1.2435,1.3829,-10.08,暂停定投,68.65,金叉,中轨,弱势,暂停定投,019548
2025-06-05,1.2338,1.3829,-10.78,暂停定投,64.02,金叉,中轨,弱势,暂停定投,019548
2025-06-06,1.2452,1.3829,-9.96,卖10%,66.85,死叉,中轨,弱势,卖10%,019548
2025-06-10,1.2545,1.3829,-9.28,卖10%,69.12,死叉,中轨,弱势,卖10%,019548
2025-06-13,1.2368,1.3829,-10.56,暂停定投,59.22,死叉,中轨,强势,暂停定投,019548
2025-06-16,1.2534,1.3829,-9.36,卖10%,64.17,死叉,中轨,弱势,卖10%,019548
2025-06-17,1.241,1.3829,-10.26,暂停定投,58.46,死叉,中轨,弱势,暂停定投,019548
2025-06-18,1.2413,1.3829,-10.24,暂停定投,58.56,死叉,中轨,弱势,暂停定投,019548
2025-06-19,1.2408,1.3829,-10.28,暂停定投,58.31,死叉,中轨,强势,暂停定投,019548
2025-06-20,1.2353,1.3829,-10.67,暂停定投,55.59,死叉,中轨,弱势,暂停定投,019548
2025-06-23,1.2478,1.3829,-9.77,卖10%,60.15,死叉,中轨,弱势,卖10%,019548
2025-06-26,1.2778,1.3829,-7.6,卖10%,68.9,死叉,中轨,弱势,卖10%,019548
2025-06-30,1.2896,1.3829,-6.75,卖10%,71.89,金叉,上轨,弱势,卖10%,019548
2025-07-11,1.2928,1.3829,-6.52,卖10%,64.06,死叉,中轨,弱势,卖10%,019548
2025-07-14,1.2969,1.3829,-6.22,卖10%,65.55,死叉,中轨,弱势,卖10%,019548
2025-07-15,1.2985,1.3829,-6.1,卖10%,66.14,死叉,中轨,弱势,卖10%,019548
2025-07-16,1.3002,1.3829,-5.98,卖10%,66.79,死叉,中轨,弱势,卖10%,019548
2025-07-18,1.3079,1.3829,-5.42,卖10%,69.64,死叉,中轨,弱势,卖10%,019548
2025-07-23,1.3112,1.3829,-5.18,卖10%,67.52,死叉,中轨,弱势,卖10%,019548
2025-07-24,1.3137,1.3829,-5.0,卖10%,68.53,死叉,中轨,弱势,卖10%,019548
2025-07-25,1.317,1.3829,-4.77,卖10%,69.87,死叉,中轨,弱势,卖10%,019548
2025-07-28,1.3221,1.3829,-4.4,卖10%,71.87,死叉,中轨,弱势,卖10%,019548
2025-07-30,1.321,1.3829,-4.48,卖10%,70.46,死叉,中轨,弱势,卖10%,019548
2025-07-31,1.3153,1.3829,-4.89,卖10%,64.67,死叉,中轨,弱势,卖10%,019548
2025-08-01,1.2914,1.3829,-6.62,卖10%,47.17,死叉,中轨,弱势,卖10%,019548
2025-08-04,1.3119,1.3829,-5.13,卖10%,57.74,死叉,中轨,弱势,卖10%,019548
2025-08-05,1.3023,1.3829,-5.83,卖10%,52.45,死叉,中轨,弱势,卖10%,019548
2025-08-06,1.3185,1.3829,-4.66,卖10%,59.23,死叉,中轨,弱势,卖10%,019548
2025-08-07,1.3213,1.3829,-4.45,卖10%,60.29,死叉,中轨,弱势,卖10%,019548
2025-08-08,1.3334,1.3829,-3.58,卖10%,64.56,死叉,中轨,弱势,卖10%,019548
2025-08-11,1.3294,1.3829,-3.87,卖10%,62.18,死叉,中轨,弱势,卖10%,019548
2025-08-13,1.3451,1.3829,-2.73,卖10%,67.01,金叉,上轨,弱势,卖10%,019548
2025-08-20,1.314,1.3829,-4.98,卖10%,48.75,死叉,中轨,弱势,卖10%,019548
2025-08-21,1.3067,1.3829,-5.51,卖10%,45.32,死叉,中轨,弱势,卖10%,019548
2025-08-22,1.3258,1.3829,-4.13,卖10%,54.35,死叉,中轨,弱势,卖10%,019548
2025-08-26,1.3246,1.3829,-4.22,卖10%,53.57,死叉,中轨,弱势,卖10%,019548
2025-08-28,1.3315,1.3829,-3.72,卖10%,56.66,死叉,中轨,弱势,卖10%,019548
2025-08-29,1.3158,1.3829,-4.85,卖10%,48.67,死叉,中轨,弱势,卖10%,019548
2025-09-02,1.307,1.3829,-5.49,卖10%,44.63,死叉,中轨,弱势,卖10%,019548
2025-09-15,1.3618,1.3829,-1.53,卖10%,68.57,金叉,上轨,弱势,卖10%,019548
2025-10-09,1.4019,1.3829,1.37,【T1止盈】布林中轨已达，建议卖出 30% - 50% 仓位,73.36,金叉,中轨,强势,【T1止盈】布林中轨已达，建议卖出 30% - 50% 仓位,019548
2025-10-13,1.3814,1.3829,-0.11,卖10%,57.69,死叉,中轨,弱势,卖10%,019548
2025-10-15,1.3794,1.3829,-0.25,卖10%,56.43,死叉,中轨,弱势,卖10%,019548
2025-10-16,1.3738,1.3829,-0.66,卖10%,54.26,死叉,中轨,弱势,卖10%,019548
2025-10-17,1.381,1.3829,-0.14,卖10%,56.57,死叉,中轨,弱势,卖10%,019548
2025-10-20,1.3983,1.3829,1.11,【T1止盈】布林中轨已达，建议卖出 30% - 50% 仓位,61.58,死叉,中轨,弱势,【T1止盈】布林中轨已达，建议卖出 30% - 50% 仓位,019548
2025-10-21,1.3967,1.3829,1.0,【T1止盈】布林中轨已达，建议卖出 30% - 50% 仓位,60.88,金叉,中轨,弱势,【T1止盈】布林中轨已达，建议卖出 30% - 50% 仓位,019548
2025-10-22,1.3843,1.3829,0.1,【T1止盈】布林中轨已达，建议卖出 30% - 50% 仓位,55.61,金叉,中轨,中性,【T1止盈】布林中轨已达，建议卖出 30% - 50% 仓位,019548
2025-10-23,1.395,1.3829,0.87,【T1止盈】布林中轨已达，建议卖出 30% - 50% 仓位,58.91,死叉,中轨,弱势,【T1止盈】布林中轨已达，建议卖出 30% - 50% 仓位,019548
2025-10-24,1.4089,1.3829,1.88,【T1止盈】布林中轨已达，建议卖出 30% - 50% 仓位,62.79,金叉,中轨,弱势,【T1止盈】布林中轨已达，建议卖出 30% - 50% 仓位,019548
2025-10-28,1.4415,1.3829,4.24,卖10%,70.09,金叉,上轨,弱势,卖10%,019548
2025-10-29,1.4469,1.3829,4.63,卖10%,71.15,金叉,上轨,弱势,卖10%,019548
